,Date,Close/Last,sell
0,2024-06-21,2331.2,59.346523999999995
1,2024-06-20,2369.0,60.3088175
2,2024-06-18,2346.9,59.74620675
3,2024-06-17,2329.0,59.2905175
4,2024-06-14,2349.1,59.80221325
5,2024-06-13,2318.0,59.010485
6,2024-06-12,2354.8,59.94732100000001
7,2024-06-11,2326.6,59.2294195
8,2024-06-10,2327.0,59.2396025
9,2024-06-07,2325.0,59.1886875
10,2024-06-06,2390.9,60.86633675
11,2024-06-05,2375.5,60.47429125
12,2024-06-04,2347.4,59.7589355
13,2024-06-03,2369.3,60.316454750000005
14,2024-05-31,2345.8,59.71820350000001
15,2024-05-30,2366.5,60.24517375
16,2024-05-29,2341.2,59.60109899999999
17,2024-05-28,2356.5,59.99059875
18,2024-05-24,2334.5,59.43053375
19,2024-05-23,2337.2,59.49926899999999
20,2024-05-22,2392.9,60.91725175
21,2024-05-21,2425.9,61.75734925
22,2024-05-20,2438.5,62.07811375
23,2024-05-17,2417.4,61.5409605
24,2024-05-16,2385.5,60.72886625
25,2024-05-15,2394.9,60.96816675
26,2024-05-14,2359.9,60.07715425
27,2024-05-13,2343.0,59.6469225
28,2024-05-10,2375.0,60.4615625
29,2024-05-09,2340.3,59.578187250000006
30,2024-05-08,2322.3,59.119952250000004
31,2024-05-07,2324.2,59.16832149999999
32,2024-05-06,2331.2,59.346523999999995
33,2024-05-03,2308.6,58.7711845
34,2024-05-02,2309.6,58.796642
35,2024-05-01,2311.0,58.8322825
36,2024-04-30,2302.9,58.62607675
37,2024-04-29,2357.7,60.02114774999999
38,2024-04-26,2347.2,59.753843999999994
39,2024-04-25,2342.5,59.63419375
40,2024-04-24,2338.4,59.529818
41,2024-04-23,2342.1,59.62401075
42,2024-04-22,2346.4,59.733478
43,2024-04-19,2413.8,61.44931350000001
44,2024-04-18,2398.0,61.047085
45,2024-04-17,2388.4,60.802693
46,2024-04-16,2407.8,61.29656850000001
47,2024-04-15,2383.0,60.6652225
48,2024-04-12,2374.1,60.43865075
49,2024-04-11,2372.7,60.403010249999994
50,2024-04-10,2348.4,59.784393
51,2024-04-09,2362.4,60.140798
52,2024-04-08,2351.0,59.8505825
53,2024-04-05,2345.4,59.7080205
54,2024-04-04,2308.5,58.76863875
55,2024-04-03,2315.0,58.9341125
56,2024-04-02,2281.8,58.08892350000001
57,2024-04-01,2257.1,57.46012325
58,2024-03-28,2238.4,56.984068
59,2024-03-27,2212.7,56.329810249999994
60,2024-03-26,2177.2,55.42606899999999
61,2024-03-25,2176.4,55.405703
62,2024-03-22,2160.0,54.9882
63,2024-03-21,2184.7,55.61700024999999
64,2024-03-20,2161.0,55.0136575
65,2024-03-19,2159.7,54.98056274999999
66,2024-03-18,2164.3,55.09766725000001
67,2024-03-15,2161.5,55.02638625
68,2024-03-14,2167.5,55.17913125
69,2024-03-13,2180.8,55.51771600000001
70,2024-03-12,2166.1,55.14349075
71,2024-03-11,2188.6,55.7162845
72,2024-03-08,2185.5,55.63736625
73,2024-03-07,2165.2,55.12057899999999
74,2024-03-06,2158.2,54.942376499999995
75,2024-03-05,2141.9,54.52741925
76,2024-03-04,2126.3,54.13028225000001
77,2024-03-01,2095.7,53.351282749999996
78,2024-02-29,2054.7,52.30752524999999
79,2024-02-28,2042.7,52.00203525
80,2024-02-27,2044.1,52.03767575
81,2024-02-26,2038.9,51.90529675
82,2024-02-23,2049.4,52.1726005
83,2024-02-22,2030.7,51.69654525
84,2024-02-21,2034.3,51.78819225
85,2024-02-20,2039.8,51.9282085
86,2024-02-16,2024.1,51.52852575
87,2024-02-15,2014.9,51.29431675
88,2024-02-14,2004.3,51.02446725
89,2024-02-13,2007.2,51.098294
90,2024-02-12,2033.0,51.7550975
91,2024-02-09,2038.7,51.90020525
92,2024-02-08,2047.9,52.13441425
93,2024-02-07,2051.7,52.23115274999999
94,2024-02-06,2051.4,52.2235155
95,2024-02-05,2042.9,52.00712675
96,2024-02-02,2053.7,52.282067749999996
97,2024-02-01,2071.1,52.72502825
98,2024-01-31,2067.4,52.6308355
99,2024-01-30,2050.9,52.21078675
100,2024-01-29,2025.4,51.5616205
101,2024-01-26,2017.3,51.35541475
102,2024-01-25,2017.8,51.3681435
103,2024-01-24,2016.0,51.32232
104,2024-01-23,2025.8,51.5718035
105,2024-01-22,2022.2,51.4801565
106,2024-01-19,2029.3,51.66090475
107,2024-01-18,2021.6,51.464882
108,2024-01-17,2006.5,51.08047375
109,2024-01-16,2030.2,51.6838165
110,2024-01-12,2051.6,52.228607
111,2024-01-11,2019.2,51.403784
112,2024-01-10,2027.8,51.6227185
113,2024-01-09,2033.0,51.7550975
114,2024-01-08,2033.5,51.76782625
115,2024-01-05,2049.8,52.182783500000006
116,2024-01-04,2050.0,52.187875
117,2024-01-03,2042.8,52.004581
118,2024-01-02,2073.4,52.7835805
119,2023-12-29,2071.8,52.74284850000001
120,2023-12-28,2083.5,53.04070125
121,2023-12-27,2093.1,53.28509325
122,2023-12-26,2069.8,52.691933500000005
123,2023-12-22,2069.1,52.67411325
124,2023-12-21,2051.3,52.22096975000001
125,2023-12-20,2047.7,52.12932275
126,2023-12-19,2052.1,52.24133575
127,2023-12-18,2040.5,51.94602875
128,2023-12-15,2035.7,51.82383275
129,2023-12-14,2044.9,52.05804175
130,2023-12-13,1997.3,50.84626475
131,2023-12-12,1993.2,50.741889
132,2023-12-11,1993.7,50.75461775
133,2023-12-08,2014.5,51.28413375
134,2023-12-07,2046.4,52.096228
135,2023-12-06,2047.9,52.13441425
136,2023-12-05,2036.3,51.83910725
137,2023-12-04,2042.2,51.9893065
138,2023-12-01,2089.7,53.19853774999999
139,2023-11-30,2057.2,52.371168999999995
140,2023-11-29,2067.1,52.62319825
141,2023-11-28,2040.0,51.9333
142,2023-11-27,2012.4,51.230673
143,2023-11-24,2003.0,50.9913725
144,2023-11-22,1992.8,50.731706
145,2023-11-21,2001.6,50.955732
146,2023-11-20,1980.3,50.41348725
147,2023-11-17,1984.7,50.52550025
148,2023-11-16,1987.3,50.59168975
149,2023-11-15,1964.3,50.00616725
150,2023-11-14,1966.5,50.06217375
151,2023-11-13,1950.2,49.6472165
152,2023-11-10,1937.7,49.32899775
153,2023-11-09,1969.8,50.1461835
154,2023-11-08,1957.8,49.8406935
155,2023-11-07,1973.5,50.24037625
156,2023-11-06,1988.6,50.6247845
157,2023-11-03,1999.2,50.894634
158,2023-11-02,1993.5,50.74952625
159,2023-11-01,1987.5,50.59678125
160,2023-10-31,1994.3,50.76989225
161,2023-10-30,2005.6,51.057562
162,2023-10-27,1998.5,50.87681375
163,2023-10-26,1997.4,50.8488105
164,2023-10-25,1994.9,50.78516675
165,2023-10-24,1986.1,50.56114075
166,2023-10-23,1987.8,50.6044185
167,2023-10-20,1994.4,50.772438
168,2023-10-19,1980.5,50.41857875
169,2023-10-18,1968.3,50.10799725
170,2023-10-17,1935.7,49.27808275
171,2023-10-16,1934.3,49.24244225
172,2023-10-13,1941.5,49.42573625
173,2023-10-12,1883.0,47.9364725
174,2023-10-11,1887.3,48.04593975
175,2023-10-10,1875.3,47.74044975
176,2023-10-09,1864.3,47.46041725
177,2023-10-06,1845.2,46.974179
178,2023-10-05,1831.8,46.6330485
179,2023-10-04,1834.8,46.709421
180,2023-10-03,1841.5,46.87998625
181,2023-10-02,1847.2,47.025094
182,2023-09-29,1866.1,47.50624075
183,2023-09-28,1878.6,47.8244595
184,2023-09-27,1890.9,48.13758675
185,2023-09-26,1919.8,48.8733085
186,2023-09-25,1936.6,49.3009945
187,2023-09-22,1945.6,49.530112
188,2023-09-21,1939.6,49.377367
189,2023-09-20,1967.1,50.07744825
190,2023-09-19,1953.7,49.73631775
191,2023-09-18,1953.4,49.7286805
192,2023-09-15,1946.2,49.5453865
193,2023-09-14,1932.8,49.204256
194,2023-09-13,1932.5,49.19661875
195,2023-09-12,1935.1,49.26280825
196,2023-09-11,1947.2,49.570844
197,2023-09-08,1942.7,49.45628525
198,2023-09-07,1942.5,49.45119375
199,2023-09-06,1944.2,49.4944715
200,2023-09-05,1952.6,49.7083145
201,2023-09-01,1967.1,50.07744825
202,2023-08-31,1965.9,50.04689925
203,2023-08-30,1973.0,50.2276475
204,2023-08-29,1965.1,50.02653325
205,2023-08-28,1946.8,49.560661
206,2023-08-25,1939.9,49.38500425
207,2023-08-24,1947.1,49.56829825
208,2023-08-23,1948.1,49.59375575
209,2023-08-22,1926.0,49.031145
210,2023-08-21,1923.0,48.9547725
211,2023-08-18,1916.5,48.78929875
212,2023-08-17,1915.2,48.756204
213,2023-08-16,1928.3,49.08969725
214,2023-08-15,1935.2,49.265354
215,2023-08-14,1944.0,49.48938
216,2023-08-11,1946.6,49.5555695
217,2023-08-10,1948.9,49.61412175
218,2023-08-09,1950.6,49.6573995
219,2023-08-08,1959.9,49.89415425
220,2023-08-07,1970.0,50.151275
221,2023-08-04,1939.6,49.377367
222,2023-08-03,1932.0,49.18389
223,2023-08-02,1937.4,49.3213605
224,2023-08-01,1940.7,49.40537025
225,2023-07-31,1970.5,50.16400375
226,2023-07-28,1960.4,49.906883
227,2023-07-27,1945.7,49.53265775
228,2023-07-26,1970.1,50.15382075
229,2023-07-25,1963.7,49.99089275
230,2023-07-24,1962.2,49.9527065
231,2023-07-21,1966.6,50.0647195
232,2023-07-20,1970.9,50.17418675
233,2023-07-19,1980.4,50.416033
234,2023-07-18,1980.8,50.426216
235,2023-07-17,1956.4,49.805053
236,2023-07-14,1964.4,50.008713
237,2023-07-13,1963.8,49.9934385
238,2023-07-12,1961.7,49.93997775
239,2023-07-11,1937.1,49.31372325
240,2023-07-10,1931.0,49.1584325
241,2023-07-07,1932.5,49.19661875
242,2023-07-06,1915.4,48.7612955
243,2023-07-05,1927.1,49.05914825
244,2023-07-03,1929.5,49.12024625
245,2023-06-30,1929.4,49.1177005
246,2023-06-29,1917.9,48.82493925
247,2023-06-28,1922.2,48.9344065
248,2023-06-27,1923.8,48.9751385
249,2023-06-26,1933.8,49.2297135
250,2023-06-23,1929.6,49.122792
251,2023-06-22,1923.7,48.97259275
252,2023-06-21,1944.9,49.51229175
253,2023-06-20,1947.7,49.58357275
254,2023-06-16,1971.2,50.181824
255,2023-06-15,1970.7,50.16909525
256,2023-06-14,1968.9,50.12327175
257,2023-06-13,1958.6,49.8610595
258,2023-06-12,1969.7,50.14363775
259,2023-06-09,1977.2,50.334569
260,2023-06-08,1978.6,50.3702095
261,2023-06-07,1958.4,49.855968
262,2023-06-06,1965.5,50.03671625
263,2023-06-05,1958.0,49.845785
264,2023-06-02,1952.4,49.703223
265,2023-06-01,1978.0,50.354935
266,2023-05-31,1963.9,49.99598425
267,2023-05-30,1958.0,49.845785
268,2023-05-26,1944.3,49.49701725
269,2023-05-25,1943.7,49.48174275
270,2023-05-24,1964.6,50.0138045
271,2023-05-23,1974.5,50.26583375
272,2023-05-22,1977.2,50.334569
273,2023-05-19,1981.6,50.446582
274,2023-05-18,1959.8,49.8916085
275,2023-05-17,1984.9,50.53059175
276,2023-05-16,1993.0,50.7367975
277,2023-05-15,2022.7,51.49288525
278,2023-05-12,2019.8,51.4190585
279,2023-05-11,2020.5,51.43687875
280,2023-05-10,2037.1,51.85947325
281,2023-05-09,2042.9,52.00712675
282,2023-05-08,2033.2,51.760189
283,2023-05-05,2024.8,51.546346
284,2023-05-04,2055.7,52.33298274999999
285,2023-05-03,2037.0,51.8569275
286,2023-05-02,2023.3,51.50815975
287,2023-05-01,1992.2,50.7164315
288,2023-04-28,1999.1,50.89208825
289,2023-04-27,1999.0,50.8895425
290,2023-04-26,1996.0,50.81317
291,2023-04-25,2004.5,51.02955875
292,2023-04-24,1999.8,50.9099085
293,2023-04-21,1990.5,50.67315375
294,2023-04-20,2019.1,51.40123825
295,2023-04-19,2007.3,51.10083975
296,2023-04-18,2019.7,51.41651275
297,2023-04-17,2007.0,51.0932025
298,2023-04-14,2015.8,51.3172285
299,2023-04-13,2055.3,52.32279975000001
300,2023-04-12,2024.9,51.54889175
301,2023-04-11,2019.0,51.3986925
302,2023-04-10,2003.8,51.0117385
303,2023-04-06,2026.4,51.587078
304,2023-04-05,2020.9,51.44706175
305,2023-04-04,2022.2,51.4801565
306,2023-04-03,1983.9,50.50513425
307,2023-03-31,1969.0,50.1258175
308,2023-03-30,1980.3,50.41348725
309,2023-03-29,1966.9,50.07235675
310,2023-03-28,1973.5,50.24037625
311,2023-03-27,1953.8,49.7388635
312,2023-03-24,1983.8,50.5025885
313,2023-03-23,1995.9,50.81062425
314,2023-03-22,1949.6,49.631942
315,2023-03-21,1941.1,49.41555325
316,2023-03-20,1999.7,50.90736275
317,2023-03-17,1990.2,50.6655165
318,2023-03-16,1923.0,48.9547725
319,2023-03-15,1931.3,49.16606975
320,2023-03-14,1910.9,48.64673675
321,2023-03-13,1916.5,48.78929875
322,2023-03-10,1867.2,47.534244
323,2023-03-09,1834.6,46.7043295
324,2023-03-08,1818.6,46.2970095
325,2023-03-07,1820.0,46.33265
326,2023-03-06,1852.4,47.157473
327,2023-03-03,1854.6,47.2134795
328,2023-03-02,1840.5,46.85452875
329,2023-03-01,1845.4,46.9792705
330,2023-02-28,1836.7,46.75779025
331,2023-02-27,1824.9,46.45739175
332,2023-02-24,1817.1,46.25882325
333,2023-02-23,1826.8,46.505761
334,2023-02-22,1841.5,46.87998625
335,2023-02-21,1842.5,46.90544375
336,2023-02-17,1850.2,47.1014665
337,2023-02-16,1851.8,47.1421985
338,2023-02-15,1845.3,46.97672475
339,2023-02-14,1865.4,47.4884205
340,2023-02-13,1863.5,47.44005125
341,2023-02-10,1874.5,47.72008375
342,2023-02-09,1878.5,47.82191375
343,2023-02-08,1890.7,48.13249525
344,2023-02-07,1884.8,47.982296
345,2023-02-06,1879.5,47.84737125
346,2023-02-03,1876.6,47.7735445
347,2023-02-02,1930.8,49.153341
348,2023-02-01,1942.8,49.458831
349,2023-01-31,1945.3,49.52247475
350,2023-01-30,1939.2,49.367184
351,2023-01-27,1945.6,49.530112
352,2023-01-26,1946.7,49.55811525
353,2023-01-25,1959.4,49.8814255
354,2023-01-24,1952.2,49.6981315
355,2023-01-23,1945.4,49.5250205
356,2023-01-20,1928.2,49.0871515
357,2023-01-19,1923.9,48.97768425
358,2023-01-18,1907.0,48.5474525
359,2023-01-17,1909.9,48.62127925
360,2023-01-13,1921.7,48.92167775
361,2023-01-12,1898.8,48.338701
362,2023-01-11,1878.9,47.83209675
363,2023-01-10,1876.5,47.77099875
364,2023-01-09,1877.8,47.8040935
365,2023-01-06,1869.7,47.59788775
366,2023-01-05,1840.6,46.8570745
367,2023-01-04,1859.0,47.3254925
368,2023-01-03,1846.1,46.99709075
369,2022-12-30,1826.2,46.4904865
370,2022-12-29,1826.0,46.485395
371,2022-12-28,1815.8,46.2257285
372,2022-12-27,1823.1,46.41156825
373,2022-12-23,1804.2,45.9304215
374,2022-12-22,1795.3,45.70384975
375,2022-12-21,1823.9,46.43193425
376,2022-12-20,1825.4,46.4701205
377,2022-12-19,1797.7,45.76494775
378,2022-12-16,1800.2,45.8285915
379,2022-12-15,1787.8,45.5129185
380,2022-12-14,1818.7,46.29955525
381,2022-12-13,1825.5,46.47266625
382,2022-12-12,1792.3,45.62747725
383,2022-12-09,1810.7,46.09589525
384,2022-12-08,1801.5,45.86168625
385,2022-12-07,1798.0,45.772585
386,2022-12-06,1782.4,45.375448
387,2022-12-05,1781.3,45.34744475
388,2022-12-02,1809.6,46.067892
389,2022-12-01,1815.2,46.210454
390,2022-11-30,1759.9,44.80265425
391,2022-11-29,1763.7,44.89939275
392,2022-11-28,1755.3,44.68554975
393,2022-11-25,1768.8,45.029226
394,2022-11-23,1760.4,44.815383
395,2022-11-22,1754.8,44.672821
396,2022-11-21,1754.6,44.6677295
397,2022-11-18,1769.0,45.0343175
398,2022-11-17,1763.0,44.8815725
399,2022-11-16,1775.8,45.2074285
400,2022-11-15,1774.7,45.17942525
401,2022-11-14,1774.2,45.1666965
402,2022-11-11,1774.2,45.1666965
403,2022-11-10,1753.7,44.64481775
404,2022-11-09,1715.8,43.6799785
405,2022-11-08,1716.0,43.68507
406,2022-11-07,1680.5,42.78132875
407,2022-11-04,1685.7,42.91370775
408,2022-11-03,1637.7,41.69174775
409,2022-11-02,1651.0,42.0303325
410,2022-11-01,1636.4,41.658653
411,2022-10-31,1648.3,41.96159725
412,2022-10-28,1648.3,41.96159725
413,2022-10-27,1668.8,42.483476
414,2022-10-26,1669.2,42.493659
415,2022-10-25,1658.0,42.208535
416,2022-10-24,1654.1,42.10925075
417,2022-10-21,1656.3,42.16525725
418,2022-10-20,1636.8,41.668836
419,2022-10-19,1634.2,41.6026465
420,2022-10-18,1655.5,42.14489125
421,2022-10-17,1664.0,42.36128
422,2022-10-14,1672.9,42.58785175
423,2022-10-13,1672.9,42.58785175
424,2022-10-12,1677.5,42.70495625
425,2022-10-11,1686.0,42.921345
426,2022-10-10,1675.2,42.646404
427,2022-10-07,1709.3,43.51450475
428,2022-10-06,1720.9,43.80981175
429,2022-10-05,1720.8,43.807266
430,2022-10-04,1730.5,44.05420375
431,2022-10-03,1702.0,43.328665
432,2022-09-30,1672.0,42.56494
433,2022-09-29,1668.6,42.4783845
434,2022-09-28,1670.0,42.514025
435,2022-09-27,1636.2,41.6535615
436,2022-09-26,1633.4,41.5822805
437,2022-09-23,1655.6,42.147437
438,2022-09-22,1681.1,42.79660325
439,2022-09-21,1675.7,42.65913275
440,2022-09-20,1671.1,42.54202825
441,2022-09-19,1678.2,42.7227765
442,2022-09-16,1683.5,42.85770125
443,2022-09-15,1677.3,42.69986475
444,2022-09-14,1709.1,43.50941325
445,2022-09-13,1717.4,43.7207105
446,2022-09-12,1740.6,44.3113245
447,2022-09-09,1728.6,44.0058345
448,2022-09-08,1720.2,43.7919915
449,2022-09-07,1727.8,43.9854685
450,2022-09-06,1712.9,43.60615175
451,2022-09-02,1722.6,43.8530895
452,2022-09-01,1709.3,43.51450475
453,2022-08-31,1726.2,43.9447365
454,2022-08-30,1736.3,44.20185725
455,2022-08-29,1749.7,44.54298775
456,2022-08-26,1749.8,44.5455335
457,2022-08-25,1771.4,45.0954155
458,2022-08-24,1761.5,44.84338625
459,2022-08-23,1761.2,44.835749
460,2022-08-22,1748.4,44.509893
461,2022-08-19,1762.9,44.87902675
462,2022-08-18,1771.2,45.090324
463,2022-08-17,1776.7,45.23034025
464,2022-08-16,1789.7,45.56128775
465,2022-08-15,1798.1,45.77513075
466,2022-08-12,1815.5,46.21809125
467,2022-08-11,1807.2,46.006794
468,2022-08-10,1813.7,46.17226775
469,2022-08-09,1812.3,46.13662725
470,2022-08-08,1805.2,45.955879
471,2022-08-05,1791.2,45.599474
472,2022-08-04,1806.9,45.99915675
473,2022-08-03,1776.4,45.222703
474,2022-08-02,1789.7,45.56128775
475,2022-08-01,1787.7,45.51037275
476,2022-07-29,1781.8,45.3601735
477,2022-07-28,1769.2,45.039409
478,2022-07-27,1737.5,44.23240625
479,2022-07-26,1735.7,44.18658275
480,2022-07-25,1737.1,44.22222325
481,2022-07-22,1745.3,44.43097475
482,2022-07-21,1731.3,44.07456975
483,2022-07-20,1717.7,43.72834775
484,2022-07-19,1728.1,43.99310575
485,2022-07-18,1710.2,43.5374165
486,2022-07-15,1703.6,43.369397
487,2022-07-14,1705.8,43.4254035
488,2022-07-13,1735.5,44.18149125
489,2022-07-12,1724.8,43.909096
490,2022-07-11,1731.7,44.08475275
491,2022-07-08,1742.3,44.35460225
492,2022-07-07,1739.7,44.28841275
493,2022-07-06,1736.5,44.20694875
494,2022-07-05,1763.9,44.90448425
495,2022-07-01,1801.5,45.86168625
496,2022-06-30,1807.3,46.00933975
497,2022-06-29,1817.5,46.26900625
498,2022-06-28,1821.2,46.363199
499,2022-06-27,1824.8,46.454846
500,2022-06-24,1830.3,46.59486225
501,2022-06-23,1829.8,46.5821335
502,2022-06-22,1838.4,46.801068
503,2022-06-21,1838.8,46.811251
504,2022-06-17,1840.6,46.8570745
505,2022-06-16,1849.9,47.09382925
506,2022-06-15,1819.6,46.322467
507,2022-06-14,1813.5,46.16717625
508,2022-06-13,1831.8,46.6330485
509,2022-06-10,1875.5,47.74554125
510,2022-06-09,1852.8,47.167656
511,2022-06-08,1856.5,47.26184875
512,2022-06-07,1852.1,47.14983575
513,2022-06-06,1843.7,46.93599275
514,2022-06-03,1850.2,47.1014665
515,2022-06-02,1871.4,47.6411655
516,2022-06-01,1848.7,47.06328025
517,2022-05-31,1848.4,47.055643
518,2022-05-27,1857.3,47.28221475
519,2022-05-26,1853.9,47.19565925
520,2022-05-25,1852.5,47.16001875
521,2022-05-24,1871.4,47.6411655
522,2022-05-23,1853.9,47.19565925
523,2022-05-20,1848.4,47.055643
524,2022-05-19,1847.8,47.0403685
525,2022-05-18,1822.4,46.393748
526,2022-05-17,1818.9,46.30464675
527,2022-05-16,1814.0,46.179905
528,2022-05-13,1808.2,46.0322515
529,2022-05-12,1824.6,46.4497545
530,2022-05-11,1853.7,47.19056775
531,2022-05-10,1841.0,46.8672575
532,2022-05-09,1858.6,47.3153095
533,2022-05-06,1882.8,47.931381
534,2022-05-05,1875.7,47.75063275
535,2022-05-04,1868.8,47.574976
536,2022-05-03,1870.6,47.6207995
537,2022-05-02,1863.6,47.442597
538,2022-04-29,1911.7,48.66710275
539,2022-04-28,1891.3,48.14776975
540,2022-04-27,1888.7,48.08158025
541,2022-04-26,1904.1,48.47362575
542,2022-04-25,1896.0,48.26742
543,2022-04-22,1934.3,49.24244225
544,2022-04-21,1948.2,49.5963015
545,2022-04-20,1955.6,49.784687
546,2022-04-19,1959.0,49.8712425
547,2022-04-18,1986.4,50.568778
548,2022-04-14,1974.9,50.27601675
549,2022-04-13,1984.7,50.52550025
550,2022-04-12,1976.1,50.30656575
551,2022-04-11,1948.2,49.5963015
552,2022-04-08,1945.6,49.530112
553,2022-04-07,1937.8,49.3315435
554,2022-04-06,1923.1,48.95731825
555,2022-04-05,1927.5,49.06933125
556,2022-04-04,1934.0,49.234805
557,2022-04-01,1923.7,48.97259275
558,2022-03-31,1954.0,49.743955
559,2022-03-30,1939.0,49.3620925
560,2022-03-29,1918.0,48.827485
561,2022-03-28,1944.7,49.50720025
562,2022-03-25,1959.8,49.8916085
563,2022-03-24,1967.7,50.09272275
564,2022-03-23,1942.6,49.4537395
565,2022-03-22,1926.7,49.04896525
566,2022-03-21,1934.8,49.255171
567,2022-03-18,1933.9,49.23225925
568,2022-03-17,1948.2,49.5963015
569,2022-03-16,1909.2,48.603459
570,2022-03-15,1929.7,49.12533775
571,2022-03-14,1960.8,49.917066
572,2022-03-11,1985.0,50.5331375
573,2022-03-10,2000.4,50.925183
574,2022-03-09,1988.2,50.6146015
575,2022-03-08,2043.3,52.01730975
576,2022-03-07,1995.9,50.81062425
577,2022-03-04,1966.6,50.0647195
578,2022-03-03,1935.9,49.28317425
579,2022-03-02,1922.3,48.93695225
580,2022-03-01,1943.8,49.4842885
581,2022-02-28,1900.7,48.38707025
582,2022-02-25,1887.6,48.053577
583,2022-02-24,1926.3,49.03878225
584,2022-02-23,1910.4,48.634008
585,2022-02-22,1907.4,48.5576355
586,2022-02-18,1899.8,48.3641585
587,2022-02-17,1902.0,48.420165
588,2022-02-16,1871.5,47.64371125
589,2022-02-15,1856.2,47.2542115
590,2022-02-14,1869.4,47.5902505
591,2022-02-11,1842.1,46.89526075
592,2022-02-10,1837.4,46.7756105
593,2022-02-09,1836.6,46.7552445
594,2022-02-08,1827.9,46.53376425
595,2022-02-07,1821.8,46.3784735
596,2022-02-04,1807.8,46.0220685
597,2022-02-03,1804.1,45.92787575
598,2022-02-02,1810.3,46.08571225
599,2022-02-01,1801.5,45.86168625
600,2022-01-31,1796.4,45.731853
601,2022-01-28,1786.6,45.4823695
602,2022-01-27,1795.0,45.6962125
603,2022-01-26,1832.0,46.63814
604,2022-01-25,1855.0,47.2236625
605,2022-01-24,1844.2,46.9487215
606,2022-01-21,1834.1,46.69160075
607,2022-01-20,1844.9,46.96654175
608,2022-01-19,1845.5,46.98181625
609,2022-01-18,1812.4,46.139173
610,2022-01-14,1816.5,46.24354875
611,2022-01-13,1821.4,46.3682905
612,2022-01-12,1827.3,46.51848975
613,2022-01-11,1818.5,46.29446375
614,2022-01-10,1798.8,45.792951
615,2022-01-07,1797.4,45.7573105
616,2022-01-06,1789.2,45.548559
617,2022-01-05,1825.1,46.46248325
618,2022-01-04,1814.6,46.1951795
619,2022-01-03,1800.1,45.82604575
620,2021-12-31,1828.6,46.5515845
621,2021-12-30,1814.1,46.18245075
622,2021-12-29,1805.8,45.9711535
623,2021-12-28,1810.9,46.10098675
624,2021-12-27,1808.8,46.047526
625,2021-12-23,1811.7,46.12135275
626,2021-12-22,1802.2,45.8795065
627,2021-12-21,1788.7,45.53583025
628,2021-12-20,1794.6,45.6860295
629,2021-12-17,1804.9,45.94824175
630,2021-12-16,1798.2,45.7776765
631,2021-12-15,1764.5,44.91975875
632,2021-12-14,1772.3,45.11832725
633,2021-12-13,1788.3,45.52564725
634,2021-12-10,1784.8,45.436546
635,2021-12-09,1776.7,45.23034025
636,2021-12-08,1785.5,45.45436625
637,2021-12-07,1784.7,45.43400025
638,2021-12-06,1779.5,45.30162125
639,2021-12-03,1783.9,45.41363425
640,2021-12-02,1762.7,44.87393525
641,2021-12-01,1784.3,45.42381725
642,2021-11-30,1776.5,45.22524875
643,2021-11-29,1785.2,45.446729
644,2021-11-26,1788.1,45.52055575
645,2021-11-24,1786.9,45.49000675
646,2021-11-23,1786.3,45.47473225
647,2021-11-22,1809.1,46.05516325
648,2021-11-19,1854.3,47.20584225
649,2021-11-18,1864.0,47.45278
650,2021-11-17,1872.8,47.676806
651,2021-11-16,1854.1,47.20075075
652,2021-11-15,1866.6,47.5189695
653,2021-11-12,1868.5,47.56733875
654,2021-11-11,1863.9,47.45023425
655,2021-11-10,1848.3,47.05309725
656,2021-11-09,1830.8,46.607591
657,2021-11-08,1828.0,46.53631
658,2021-11-05,1816.8,46.251186
659,2021-11-04,1793.5,45.65802625
660,2021-11-03,1763.9,44.90448425
661,2021-11-02,1789.4,45.5536505
662,2021-11-01,1795.8,45.7165785
663,2021-10-29,1783.9,45.41363425
664,2021-10-28,1802.6,45.8896895
665,2021-10-27,1798.8,45.792951
666,2021-10-26,1793.4,45.6554805
667,2021-10-25,1806.8,45.996611
668,2021-10-22,1796.3,45.72930725
669,2021-10-21,1781.9,45.36271925
670,2021-10-20,1784.9,45.43909175
671,2021-10-19,1770.5,45.07250375
672,2021-10-18,1765.7,44.95030775
673,2021-10-15,1768.3,45.01649725
674,2021-10-14,1797.9,45.77003925
675,2021-10-13,1794.7,45.68857525
676,2021-10-12,1759.3,44.78737975
677,2021-10-11,1755.7,44.69573275
678,2021-10-08,1757.4,44.7390105
679,2021-10-07,1759.2,44.784834
680,2021-10-06,1761.8,44.8510235
681,2021-10-05,1760.9,44.82811175
682,2021-10-04,1767.6,44.998677
683,2021-10-01,1758.4,44.764468
684,2021-09-30,1757.0,44.7288275
685,2021-09-29,1722.9,43.86072675
686,2021-09-28,1737.5,44.23240625
687,2021-09-27,1752.0,44.60154
688,2021-09-24,1751.7,44.59390275
689,2021-09-23,1749.8,44.5455335
690,2021-09-22,1778.8,45.283801
691,2021-09-21,1778.2,45.2685265
692,2021-09-20,1763.8,44.9019385
693,2021-09-17,1751.4,44.5862655
694,2021-09-16,1756.7,44.72119025
695,2021-09-15,1794.8,45.691121
696,2021-09-14,1807.1,46.00424825
697,2021-09-13,1794.4,45.680938
698,2021-09-10,1792.1,45.62238575
699,2021-09-09,1800.0,45.8235
700,2021-09-08,1793.5,45.65802625
701,2021-09-07,1798.5,45.78531375
702,2021-09-03,1833.7,46.68141775
703,2021-09-02,1811.5,46.11626125
704,2021-09-01,1816.0,46.23082
705,2021-08-31,1818.1,46.28428075
706,2021-08-30,1812.2,46.1340815
707,2021-08-27,1819.5,46.31992125
708,2021-08-26,1795.2,45.701304
709,2021-08-25,1791.0,45.5943825
710,2021-08-24,1808.5,46.03988875
711,2021-08-23,1806.3,45.98388225
712,2021-08-20,1784.0,45.41618
713,2021-08-19,1783.1,45.39326825
714,2021-08-18,1784.4,45.426363
715,2021-08-17,1787.8,45.5129185
716,2021-08-16,1789.8,45.5638335
717,2021-08-13,1778.2,45.2685265
718,2021-08-12,1751.8,44.5964485
719,2021-08-11,1753.3,44.63463475
720,2021-08-10,1731.7,44.08475275
721,2021-08-09,1726.5,43.95237375
722,2021-08-06,1763.1,44.88411825
723,2021-08-05,1808.9,46.05007175
724,2021-08-04,1814.5,46.19263375
725,2021-08-03,1814.1,46.18245075
726,2021-08-02,1822.2,46.3886565
727,2021-07-30,1817.2,46.261369
728,2021-07-29,1835.8,46.7348785
729,2021-07-28,1804.6,45.9406045
730,2021-07-27,1804.0,45.92533
731,2021-07-26,1803.4,45.9100555
732,2021-07-23,1805.9,45.97369925
733,2021-07-22,1809.2,46.057709
734,2021-07-21,1807.4,46.0118855
735,2021-07-20,1811.4,46.1137155
736,2021-07-19,1809.2,46.057709
737,2021-07-16,1815.0,46.2053625
738,2021-07-15,1829.0,46.5617675
739,2021-07-14,1825.0,46.4599375
740,2021-07-13,1809.9,46.07552925
741,2021-07-12,1805.9,45.97369925
742,2021-07-09,1810.6,46.0933495
743,2021-07-08,1800.2,45.8285915
744,2021-07-07,1802.1,45.87696075
745,2021-07-06,1794.2,45.6758465
746,2021-07-02,1783.3,45.39835975
747,2021-07-01,1776.8,45.232886
748,2021-06-30,1771.6,45.100507
749,2021-06-29,1763.6,44.896847
750,2021-06-28,1780.7,45.33217025
751,2021-06-25,1777.8,45.2583435
752,2021-06-24,1776.7,45.23034025
753,2021-06-23,1783.4,45.4009055
754,2021-06-22,1777.4,45.2481605
755,2021-06-21,1782.9,45.38817675
756,2021-06-18,1769.0,45.0343175
757,2021-06-17,1774.8,45.181971
758,2021-06-16,1861.4,47.3865905
759,2021-06-15,1856.4,47.259303
760,2021-06-14,1865.9,47.50114925
761,2021-06-11,1879.6,47.849917
762,2021-06-10,1896.4,48.277603
763,2021-06-09,1895.5,48.25469125
764,2021-06-08,1894.4,48.226688
765,2021-06-07,1898.8,48.338701
766,2021-06-04,1892.0,48.16559
767,2021-06-03,1873.3,47.68953475
768,2021-06-02,1909.9,48.62127925
769,2021-06-01,1905.0,48.4965375
770,2021-05-28,1905.3,48.50417475
771,2021-05-27,1898.5,48.33106375
772,2021-05-26,1903.8,48.4659885
773,2021-05-25,1900.5,48.38197875
774,2021-05-24,1886.7,48.03066525
775,2021-05-21,1878.9,47.83209675
776,2021-05-20,1883.9,47.95938425
777,2021-05-19,1881.5,47.89828625
778,2021-05-18,1868.0,47.55461
779,2021-05-17,1867.6,47.544427
780,2021-05-14,1838.1,46.79343075
781,2021-05-13,1824.0,46.43448
782,2021-05-12,1822.8,46.403931
783,2021-05-11,1836.1,46.74251575
784,2021-05-10,1837.6,46.780702
785,2021-05-07,1831.3,46.62031975
786,2021-05-06,1815.7,46.22318275
787,2021-05-05,1784.3,45.42381725
788,2021-05-04,1776.0,45.21252
789,2021-05-03,1791.8,45.6147485
790,2021-04-30,1767.7,45.00122275
791,2021-04-29,1768.3,45.01649725
792,2021-04-28,1773.9,45.15905925
793,2021-04-27,1778.8,45.283801
794,2021-04-26,1780.1,45.31689575
795,2021-04-23,1777.8,45.2583435
796,2021-04-22,1782.0,45.365265
797,2021-04-21,1793.1,45.64784325
798,2021-04-20,1778.4,45.273618
799,2021-04-19,1770.6,45.0750495
800,2021-04-16,1780.2,45.3194415
801,2021-04-15,1766.8,44.978311
802,2021-04-14,1736.3,44.20185725
803,2021-04-13,1747.6,44.489527
804,2021-04-12,1732.7,44.11021025
805,2021-04-09,1744.8,44.418246
806,2021-04-08,1758.2,44.7593765
807,2021-04-07,1741.6,44.336782
808,2021-04-06,1743.0,44.3724225
809,2021-04-05,1728.8,44.010926
810,2021-04-01,1728.4,44.000743
811,2021-03-31,1715.6,43.674887
812,2021-03-30,1686.0,42.921345
813,2021-03-29,1714.6,43.6494295
814,2021-03-26,1734.7,44.16112525
815,2021-03-25,1727.3,43.97273975
816,2021-03-24,1735.5,44.18149125
817,2021-03-23,1727.5,43.97783125
818,2021-03-22,1740.4,44.306233
819,2021-03-19,1743.9,44.39533425
820,2021-03-18,1734.6,44.1585795
821,2021-03-17,1727.1,43.96764825
822,2021-03-16,1730.9,44.06438675
823,2021-03-15,1729.2,44.021109
824,2021-03-12,1719.8,43.7818085
825,2021-03-11,1722.6,43.8530895
826,2021-03-10,1721.8,43.8327235
827,2021-03-09,1716.9,43.70798175
828,2021-03-08,1678.0,42.717685
829,2021-03-05,1698.5,43.23956375
830,2021-03-04,1700.7,43.29557025
831,2021-03-03,1715.8,43.6799785
832,2021-03-02,1733.6,44.133122
833,2021-03-01,1723.0,43.8632725
834,2021-02-26,1728.8,44.010926
835,2021-02-25,1775.4,45.1972455
836,2021-02-24,1797.9,45.77003925
837,2021-02-23,1805.9,45.97369925
838,2021-02-22,1808.4,46.037343
839,2021-02-19,1777.4,45.2481605
840,2021-02-18,1775.0,45.1870625
841,2021-02-17,1772.8,45.131056
842,2021-02-16,1799.0,45.7980425
843,2021-02-12,1823.2,46.414114
844,2021-02-11,1826.8,46.505761
845,2021-02-10,1842.7,46.91053525
846,2021-02-09,1837.5,46.77815625
847,2021-02-08,1834.2,46.6941465
848,2021-02-05,1813.0,46.1544475
849,2021-02-04,1791.2,45.599474
850,2021-02-03,1835.1,46.71705825
851,2021-02-02,1833.4,46.6737805
852,2021-02-01,1863.9,47.45023425
853,2021-01-29,1850.3,47.10401225
854,2021-01-28,1841.2,46.872349
855,2021-01-27,1848.9,47.06837175
856,2021-01-26,1854.8,47.218571
857,2021-01-25,1859.0,47.3254925
858,2021-01-22,1859.9,47.34840425
859,2021-01-21,1869.3,47.58770475
860,2021-01-20,1870.2,47.6106165
861,2021-01-19,1840.2,46.8468915
862,2021-01-15,1829.9,46.58467925
863,2021-01-14,1851.4,47.1320155
864,2021-01-13,1854.9,47.22111675
865,2021-01-12,1844.2,46.9487215
866,2021-01-11,1850.8,47.116741
867,2021-01-08,1835.4,46.7246955
868,2021-01-07,1913.6,48.715472
869,2021-01-06,1908.6,48.5881845
870,2021-01-05,1954.4,49.754138
871,2021-01-04,1946.6,49.5555695
872,2020-12-31,1895.1,48.24450825
873,2020-12-30,1893.4,48.2012305
874,2020-12-29,1882.9,47.93392675
875,2020-12-28,1880.4,47.870283
876,2020-12-24,1883.2,47.941564
877,2020-12-23,1878.1,47.81173075
878,2020-12-22,1870.3,47.61316225
879,2020-12-21,1882.8,47.931381
880,2020-12-18,1888.9,48.08667175
881,2020-12-17,1890.4,48.124858
882,2020-12-16,1859.1,47.32803825
883,2020-12-15,1855.3,47.23129975
884,2020-12-14,1832.1,46.64068575
885,2020-12-11,1843.6,46.933447
886,2020-12-10,1837.4,46.7756105
887,2020-12-09,1838.5,46.80361375
888,2020-12-08,1874.9,47.73026675
889,2020-12-07,1866.0,47.503695
890,2020-12-04,1840.0,46.8418
891,2020-12-03,1841.1,46.86980325
892,2020-12-02,1830.2,46.5923165
893,2020-12-01,1818.9,46.30464675
894,2020-11-30,1780.9,45.33726175
895,2020-11-27,1788.1,45.52055575
896,2020-11-25,1811.2,46.108624
897,2020-11-24,1810.9,46.10098675
898,2020-11-23,1844.1,46.94617575
899,2020-11-20,1872.4,47.666623
900,2020-11-19,1861.5,47.38913625
901,2020-11-18,1873.9,47.70480925
902,2020-11-17,1885.1,47.98993325
903,2020-11-16,1887.8,48.0586685
904,2020-11-13,1886.2,48.0179365
905,2020-11-12,1873.3,47.68953475
906,2020-11-11,1861.6,47.391682
907,2020-11-10,1876.4,47.768453
908,2020-11-09,1854.4,47.208388
909,2020-11-06,1951.7,49.68540275
910,2020-11-05,1946.8,49.560661
911,2020-11-04,1896.2,48.2725115
912,2020-11-03,1910.4,48.634008
913,2020-11-02,1892.5,48.17831875
914,2020-10-30,1879.9,47.85755425
915,2020-10-29,1868.0,47.55461
916,2020-10-28,1879.2,47.839734
917,2020-10-27,1911.9,48.67219425
918,2020-10-26,1905.7,48.51435775
919,2020-10-23,1905.2,48.501629
920,2020-10-22,1904.6,48.4863545
921,2020-10-21,1929.5,49.12024625
922,2020-10-20,1915.4,48.7612955
923,2020-10-19,1911.7,48.66710275
924,2020-10-16,1906.4,48.532178
925,2020-10-15,1908.9,48.59582175
926,2020-10-14,1907.3,48.55508975
927,2020-10-13,1894.6,48.2317795
928,2020-10-12,1928.9,49.10497175
929,2020-10-09,1926.2,49.0362365
930,2020-10-08,1895.1,48.24450825
931,2020-10-07,1890.8,48.135041
932,2020-10-06,1908.8,48.593276
933,2020-10-05,1920.1,48.88094575
934,2020-10-02,1907.6,48.562727
935,2020-10-01,1916.3,48.78420725
936,2020-09-30,1895.5,48.25469125
937,2020-09-29,1903.2,48.450714
938,2020-09-28,1882.3,47.91865225
939,2020-09-25,1866.3,47.51133225
940,2020-09-24,1876.9,47.78118175
941,2020-09-23,1868.4,47.564793
942,2020-09-22,1907.6,48.562727
943,2020-09-21,1910.6,48.6390995
944,2020-09-18,1962.1,49.95016075
945,2020-09-17,1949.9,49.63957925
946,2020-09-16,1970.5,50.16400375
947,2020-09-15,1966.2,50.0545365
948,2020-09-14,1963.7,49.99089275
949,2020-09-11,1947.9,49.58866425
950,2020-09-10,1964.3,50.00616725
951,2020-09-09,1954.9,49.76686675
952,2020-09-08,1943.2,49.469014
953,2020-09-04,1934.3,49.24244225
954,2020-09-03,1937.8,49.3315435
955,2020-09-02,1944.7,49.50720025
956,2020-09-01,1978.9,50.37784675
957,2020-08-31,1978.6,50.3702095
958,2020-08-28,1974.9,50.27601675
959,2020-08-27,1932.6,49.1991645
960,2020-08-26,1952.5,49.70576875
961,2020-08-25,1923.1,48.95731825
962,2020-08-24,1939.2,49.367184
963,2020-08-21,1947.0,49.5657525
964,2020-08-20,1946.5,49.55302375
965,2020-08-19,1970.3,50.15891225
966,2020-08-18,2013.1,51.24849325
967,2020-08-17,1998.7,50.88190525
968,2020-08-14,1949.8,49.6370335
969,2020-08-13,1970.4,50.161458
970,2020-08-12,1949.0,49.6166675
971,2020-08-11,1946.3,49.54793225
972,2020-08-10,2039.7,51.92566275
973,2020-08-07,2028.0,51.62781
974,2020-08-06,2069.4,52.6817505
975,2020-08-05,2049.3,52.170054750000006
976,2020-08-04,2021.0,51.4496075
977,2020-08-03,1986.3,50.56623225
978,2020-07-31,1985.9,50.55604925
979,2020-07-30,1966.8,50.069811
980,2020-07-29,1976.7,50.32184025
981,2020-07-28,1963.9,49.99598425
982,2020-07-27,1955.4,49.7795955
983,2020-07-24,1897.5,48.30560625
984,2020-07-23,1890.0,48.114675
985,2020-07-22,1865.1,47.48078325
986,2020-07-21,1843.9,46.94108425
987,2020-07-20,1817.4,46.2664605
988,2020-07-17,1810.0,46.078075
989,2020-07-16,1800.3,45.83113725
990,2020-07-15,1813.8,46.1748135
991,2020-07-14,1813.4,46.1646305
992,2020-07-13,1814.1,46.18245075
993,2020-07-10,1801.9,45.87186925
994,2020-07-09,1803.8,45.9202385
995,2020-07-08,1820.6,46.3479245
996,2020-07-07,1809.9,46.07552925
997,2020-07-06,1793.5,45.65802625
998,2020-07-02,1790.0,45.568925
999,2020-07-01,1779.9,45.31180425
1000,2020-06-30,1800.5,45.83622875
1001,2020-06-29,1781.2,45.344899
1002,2020-06-26,1780.3,45.32198725
1003,2020-06-25,1770.6,45.0750495
1004,2020-06-24,1775.1,45.18960825
1005,2020-06-23,1782.0,45.365265
1006,2020-06-22,1766.4,44.968128
1007,2020-06-19,1753.0,44.6269975
1008,2020-06-18,1731.1,44.06947825
1009,2020-06-17,1735.6,44.184037
1010,2020-06-16,1736.5,44.20694875
1011,2020-06-15,1727.2,43.970194
1012,2020-06-12,1737.3,44.22731475
1013,2020-06-11,1739.8,44.2909585
1014,2020-06-10,1720.7,43.80472025
1015,2020-06-09,1721.9,43.83526925
1016,2020-06-08,1705.1,43.40758325
1017,2020-06-05,1683.0,42.8449725
1018,2020-06-04,1727.4,43.9752855
1019,2020-06-03,1704.8,43.399946
1020,2020-06-02,1734.0,44.143305
1021,2020-06-01,1750.3,44.55826225
1022,2020-05-29,1736.9,44.21713175
1023,2020-05-28,1728.3,43.99819725
1024,2020-05-27,1726.8,43.960011
1025,2020-05-26,1728.2,43.9956515
1026,2020-05-22,1734.6,44.1585795
1027,2020-05-21,1721.9,43.83526925
1028,2020-05-20,1750.6,44.5658995
1029,2020-05-19,1745.6,44.438612
1030,2020-05-18,1734.4,44.153488
1031,2020-05-15,1753.4,44.6371805
1032,2020-05-14,1740.9,44.31896175
1033,2020-05-13,1716.4,43.695253
1034,2020-05-12,1706.8,43.450861
1035,2020-05-11,1698.0,43.226835
1036,2020-05-08,1709.9,43.52977925
1037,2020-05-07,1725.8,43.9345535
1038,2020-05-06,1688.5,42.98498875
1039,2020-05-05,1710.6,43.5475995
1040,2020-05-04,1713.3,43.61633475
1041,2020-05-01,1694.5,43.13773375
1042,2020-04-30,1694.2,43.1300965
1043,2020-04-29,1703.4,43.3643055
1044,2020-04-28,1722.2,43.8429065
1045,2020-04-27,1723.8,43.8836385
1046,2020-04-24,1723.5,43.87600125
1047,2020-04-23,1745.4,44.4335205
1048,2020-04-22,1738.3,44.25277225
1049,2020-04-21,1687.8,42.9671685
1050,2020-04-20,1711.2,43.562874
1051,2020-04-17,1689.2,43.002809
1052,2020-04-16,1731.7,44.08475275
1053,2020-04-15,1740.2,44.3011415
1054,2020-04-14,1768.9,45.03177175
1055,2020-04-13,1744.8,44.418246
1056,2020-04-09,1736.2,44.1993115
1057,2020-04-08,1684.3,42.87806725
1058,2020-04-07,1683.7,42.86279275
1059,2020-04-06,1677.0,42.6922275
1060,2020-04-03,1633.7,41.58991775
1061,2020-04-02,1637.7,41.69174775
1062,2020-04-01,1591.4,40.5130655
1063,2020-03-31,1583.4,40.3094055
1064,2020-03-30,1643.2,41.831764
1065,2020-03-27,1623.9,41.34043425
1066,2020-03-26,1660.3,42.26708725
1067,2020-03-25,1634.3,41.60519225
1068,2020-03-24,1660.2,42.2645415
1069,2020-03-23,1572.7,40.03701025
1070,2020-03-20,1484.0,37.77893
1071,2020-03-19,1479.3,37.65927975
1072,2020-03-18,1477.9,37.62363925
1073,2020-03-17,1524.9,38.82014175
1074,2020-03-16,1486.5,37.84257375
1075,2020-03-13,1516.7,38.61139025
1076,2020-03-12,1590.3,40.48506225
1077,2020-03-11,1642.3,41.80885225
1078,2020-03-10,1659.1,42.23653825
1079,2020-03-09,1675.7,42.65913275
1080,2020-03-06,1672.4,42.575123
1081,2020-03-05,1666.4,42.422378
1082,2020-03-04,1643.0,41.8266725
1083,2020-03-03,1642.1,41.80376075
1084,2020-03-02,1592.3,40.53597725
1085,2020-02-28,1564.1,39.81807575
1086,2020-02-27,1642.5,41.81394375
1087,2020-02-26,1643.1,41.82921825
1088,2020-02-25,1650.0,42.004875
1089,2020-02-24,1676.6,42.6820445
1090,2020-02-21,1644.6,41.8674045
1091,2020-02-20,1620.5,41.25387875
1092,2020-02-19,1611.8,41.0323985
1093,2020-02-18,1600.0,40.732
1094,2020-02-14,1582.7,40.29158525
1095,2020-02-13,1578.8,40.192301
1096,2020-02-12,1571.6,40.009007
1097,2020-02-11,1565.6,39.856262
1098,2020-02-10,1579.5,40.21012125
1099,2020-02-07,1568.6,39.9326345
1100,2020-02-06,1570.0,39.968275
1101,2020-02-05,1562.8,39.784981
1102,2020-02-04,1555.5,39.59914125
1103,2020-02-03,1582.4,40.283948
1104,2020-01-31,1582.9,40.29667675
1105,2020-01-30,1589.2,40.457059
1106,2020-01-29,1576.0,40.12102
1107,2020-01-28,1575.8,40.1159285
1108,2020-01-27,1583.7,40.31704275
1109,2020-01-24,1571.1,39.99627825
1110,2020-01-23,1571.6,40.009007
1111,2020-01-22,1556.7,39.62969025
1112,2020-01-21,1556.4,39.622053
1113,2020-01-17,1558.8,39.683151
1114,2020-01-16,1550.5,39.47185375
1115,2020-01-15,1554.0,39.560955
1116,2020-01-14,1544.6,39.3216545
1117,2020-01-13,1550.6,39.4743995
1118,2020-01-10,1557.5,39.65005625
1119,2020-01-09,1554.3,39.56859225
1120,2020-01-08,1560.2,39.7187915
1121,2020-01-07,1574.3,40.07774225
1122,2020-01-06,1568.8,39.937726
1123,2020-01-03,1549.2,39.438759
1124,2020-01-02,1528.1,38.90160575
1125,2019-12-31,1519.5,38.68267125
1126,2019-12-30,1518.6,38.6597595
1127,2019-12-27,1518.1,38.64703075
1128,2019-12-26,1514.4,38.552838
1129,2019-12-24,1499.1,38.16333825
1130,2019-12-23,1488.7,37.89858025
1131,2019-12-20,1474.7,37.54217525
1132,2019-12-19,1478.2,37.6312765
1133,2019-12-18,1478.7,37.64400525
1134,2019-12-17,1480.6,37.6923745
1135,2019-12-16,1480.5,37.68982875
1136,2019-12-13,1475.6,37.565087
1137,2019-12-12,1472.3,37.48107725
1138,2019-12-11,1475.0,37.5498125
1139,2019-12-10,1462.6,37.2341395
1140,2019-12-09,1464.9,37.29269175
1141,2019-12-06,1459.1,37.14503825
1142,2019-12-05,1483.1,37.75601825
1143,2019-12-04,1480.2,37.6821915
1144,2019-12-03,1478.2,37.6312765
1145,2019-12-02,1469.2,37.402159
1146,2019-11-29,1472.7,37.49126025
1147,2019-11-27,1453.4,36.9999305
1148,2019-11-26,1467.4,37.3563355
1149,2019-11-25,1463.8,37.2646885
1150,2019-11-22,1468.8,37.391976
1151,2019-11-21,1470.5,37.43525375
1152,2019-11-20,1470.0,37.422525
1153,2019-11-19,1473.3,37.50653475
1154,2019-11-18,1471.9,37.47089425
1155,2019-11-15,1467.3,37.35378975
1156,2019-11-14,1473.4,37.5090805
1157,2019-11-13,1463.3,37.25195975
1158,2019-11-12,1452.1,36.96683575
1159,2019-11-11,1457.1,37.09412325
1160,2019-11-08,1461.3,37.20104475
1161,2019-11-07,1464.2,37.2748715
1162,2019-11-06,1493.1,38.01059325
1163,2019-11-05,1483.7,37.77129275
1164,2019-11-04,1511.1,38.46882825
1165,2019-11-01,1508.0,38.38991
1166,2019-10-31,1514.8,38.563021
1167,2019-10-30,1493.2,38.013139
1168,2019-10-29,1490.7,37.94949525
1169,2019-10-28,1495.8,38.0793285
1170,2019-10-25,1499.5,38.17352125
1171,2019-10-24,1504.7,38.30590025
1172,2019-10-23,1495.7,38.07678275
1173,2019-10-22,1487.5,37.86803125
1174,2019-10-21,1488.1,37.88330575
1175,2019-10-18,1488.2,37.8858515
1176,2019-10-17,1498.3,38.14297225
1177,2019-10-16,1494.0,38.033505
1178,2019-10-15,1483.5,37.76620125
1179,2019-10-14,1497.6,38.125152
1180,2019-10-11,1488.7,37.89858025
1181,2019-10-10,1500.9,38.20916175
1182,2019-10-09,1512.8,38.512106
1183,2019-10-08,1497.2,38.114969
1184,2019-10-07,1504.4,38.298263
1185,2019-10-04,1506.2,38.3440865
1186,2019-10-03,1513.8,38.5375635
1187,2019-10-02,1501.0,38.2117075
1188,2019-10-01,1489.0,37.9062175
1189,2019-09-30,1472.9,37.49635175
1190,2019-09-27,1506.4,38.349178
1191,2019-09-26,1515.2,38.573204
1192,2019-09-25,1512.3,38.49937725
1193,2019-09-24,1532.1,39.00343575
1194,2019-09-23,1531.5,38.98816125
1195,2019-09-20,1507.3,38.37208975
1196,2019-09-19,1506.2,38.3440865
1197,2019-09-18,1515.8,38.5884785
1198,2019-09-17,1513.4,38.5273805
1199,2019-09-16,1503.1,38.26516825
1200,2019-09-13,1490.9,37.95458675
1201,2019-09-12,1507.4,38.3746355
1202,2019-09-11,1503.2,38.267714
1203,2019-09-10,1499.2,38.165884
1204,2019-09-09,1511.1,38.46882825
1205,2019-09-06,1506.2,38.3440865
1206,2019-09-05,1525.5,38.83541625
1207,2019-09-04,1560.4,39.723883
1208,2019-09-03,1555.9,39.60932425
1209,2019-08-30,1529.2,38.929609
1210,2019-08-29,1536.9,39.12563175
1211,2019-08-28,1549.1,39.43621325
1212,2019-08-27,1551.8,39.5049485
1213,2019-08-26,1537.2,39.133269
1214,2019-08-23,1537.6,39.143452
1215,2019-08-22,1497.3,38.11751475
1216,2019-08-21,1515.7,38.58593275
1217,2019-08-20,1515.7,38.58593275
1218,2019-08-19,1511.6,38.481557
1219,2019-08-16,1523.6,38.787047
1220,2019-08-15,1531.2,38.980524
1221,2019-08-14,1527.8,38.8939685
1222,2019-08-13,1514.1,38.54520075
1223,2019-08-12,1517.2,38.624119
1224,2019-08-09,1508.5,38.40263875
1225,2019-08-08,1509.5,38.42809625
1226,2019-08-07,1507.3,38.37208975
1227,2019-08-06,1484.2,37.7840215
1228,2019-08-05,1464.6,37.2850545
1229,2019-08-02,1457.5,37.10430625
1230,2019-08-01,1432.4,36.465323
1231,2019-07-31,1437.8,36.6027935
1232,2019-07-30,1441.8,36.7046235
1233,2019-07-29,1433.3,36.48823475
1234,2019-07-26,1432.2,36.4602315
1235,2019-07-25,1427.5,36.34058125
1236,2019-07-24,1436.5,36.56969875
1237,2019-07-23,1421.7,36.19292775
1238,2019-07-22,1426.9,36.32530675
1239,2019-07-19,1426.7,36.32021525
1240,2019-07-18,1428.1,36.35585575
1241,2019-07-17,1421.3,36.18274475
1242,2019-07-16,1411.2,35.925624
1243,2019-07-15,1413.5,35.98417625
1244,2019-07-12,1412.2,35.9510815
1245,2019-07-11,1406.7,35.81106525
1246,2019-07-10,1412.5,35.95871875
1247,2019-07-09,1400.5,35.65322875
1248,2019-07-08,1400.0,35.6405
1249,2019-07-05,1400.1,35.64304575
1250,2019-07-03,1420.9,36.17256175
1251,2019-07-02,1408.0,35.84416
1252,2019-07-01,1385.6,35.273912
1253,2019-06-28,1409.7,35.88743775
1254,2019-06-27,1412.0,35.94599
1255,2019-06-26,1411.6,35.935807
1256,2019-06-25,1418.7,36.11655525
1257,2019-06-24,1418.2,36.1038265
1258,2019-06-21,1400.1,35.64304575
1259,2019-06-20,1396.9,35.56158175
1260,2019-06-19,1348.8,34.337076
1261,2019-06-18,1350.7,34.38544525
1262,2019-06-17,1342.9,34.18687675
1263,2019-06-14,1344.5,34.22760875
1264,2019-06-13,1343.7,34.20724275
1265,2019-06-12,1336.8,34.031586
1266,2019-06-11,1331.2,33.889024
1267,2019-06-10,1329.3,33.84065475
1268,2019-06-07,1346.1,34.26834075
1269,2019-06-06,1342.7,34.18178525
1270,2019-06-05,1333.6,33.950122
1271,2019-06-04,1323.4,33.6904555
1272,2019-06-03,1327.9,33.80501425
1273,2019-05-31,1311.1,33.37732825
1274,2019-05-30,1287.1,32.76634824999999
1275,2019-05-29,1286.3,32.74598225
1276,2019-05-28,1282.5,32.64924375
1277,2019-05-24,1289.2,32.819809
1278,2019-05-23,1291.0,32.8656325
1279,2019-05-22,1274.2,32.4379465
1280,2019-05-21,1273.2,32.412489
1281,2019-05-20,1277.3,32.51686475
1282,2019-05-17,1275.7,32.47613275
1283,2019-05-16,1286.2,32.7434365
1284,2019-05-15,1297.8,33.0387435
1285,2019-05-14,1296.3,33.00055725
1286,2019-05-13,1301.8,33.1405735
1287,2019-05-10,1287.4,32.7739855
1288,2019-05-09,1285.2,32.717979
1289,2019-05-08,1281.4,32.621240500000006
1290,2019-05-07,1285.6,32.728162
1291,2019-05-06,1283.8,32.6823385
1292,2019-05-03,1281.3,32.61869475
1293,2019-05-02,1272.0,32.38194
1294,2019-05-01,1284.2,32.6925215
1295,2019-04-30,1282.8,32.656881
1296,2019-04-29,1281.5,32.62378625
1297,2019-04-26,1288.8,32.809626
1298,2019-04-25,1279.7,32.57796275
1299,2019-04-24,1279.4,32.5703255
1300,2019-04-23,1273.2,32.412489
1301,2019-04-22,1277.6,32.524502
1302,2019-04-18,1276.0,32.48377
1303,2019-04-17,1276.8,32.504136
1304,2019-04-16,1277.2,32.514319
1305,2019-04-15,1291.3,32.87326975
1306,2019-04-12,1295.2,32.972554
1307,2019-04-11,1293.3,32.92418475
1308,2019-04-10,1313.9,33.448609250000004
1309,2019-04-09,1308.3,33.30604725
1310,2019-04-08,1297.1,33.020923249999996
1311,2019-04-05,1295.6,32.98273699999999
1312,2019-04-04,1294.3,32.94964225
1313,2019-04-03,1295.3,32.97509975
1314,2019-04-02,1295.4,32.9776455
1315,2019-04-01,1294.2,32.9470965
1316,2019-03-29,1298.5,33.05656375
1317,2019-03-28,1295.3,32.97509975
1318,2019-03-27,1316.9,33.52498175
1319,2019-03-26,1321.4,33.6395405
1320,2019-03-25,1329.0,33.8330175
1321,2019-03-22,1318.7,33.57080525
1322,2019-03-21,1313.6,33.440971999999995
1323,2019-03-20,1300.5,33.10747875
1324,2019-03-19,1306.5,33.26022375
1325,2019-03-18,1301.5,33.13293625
1326,2019-03-15,1302.9,33.16857675000001
1327,2019-03-14,1293.4,32.926730500000005
1328,2019-03-13,1309.3,33.33150475
1329,2019-03-12,1296.3,33.00055725
1330,2019-03-11,1291.1,32.86817825
1331,2019-03-08,1299.3,33.07692975
1332,2019-03-07,1286.1,32.74089075
1333,2019-03-06,1287.6,32.779076999999994
1334,2019-03-05,1284.7,32.70525025
1335,2019-03-04,1287.5,32.77653125
1336,2019-03-01,1299.2,33.074384
1337,2019-02-28,1316.1,33.50461575
1338,2019-02-27,1317.7,33.54534775
1339,2019-02-26,1328.5,33.82028875
1340,2019-02-25,1329.5,33.84574625
1341,2019-02-22,1332.8,33.929756
1342,2019-02-21,1327.8,33.8024685
1343,2019-02-20,1347.9,34.31416425
1344,2019-02-19,1344.8,34.235246
1345,2019-02-15,1322.1,33.65736075
1346,2019-02-14,1313.9,33.448609250000004
1347,2019-02-13,1310.8,33.369691
1348,2019-02-12,1314.0,33.451155
1349,2019-02-11,1307.0,33.2729525
1350,2019-02-08,1318.5,33.56571375
1351,2019-02-07,1314.2,33.4562465
1352,2019-02-06,1314.4,33.461338000000005
1353,2019-02-05,1319.2,33.583534
1354,2019-02-04,1319.3,33.58607975
1355,2019-02-01,1322.1,33.65736075
1356,2019-01-31,1325.2,33.736279
1357,2019-01-30,1315.5,33.48934125
1358,2019-01-29,1315.2,33.481704
1359,2019-01-28,1309.3,33.33150475
1360,2019-01-25,1304.2,33.2016715
1361,2019-01-24,1285.9,32.73579925000001
1362,2019-01-23,1290.2,32.8452665
1363,2019-01-22,1283.4,32.6721555
1364,2019-01-18,1282.6,32.6517895
1365,2019-01-17,1292.3,32.89872725
1366,2019-01-16,1293.8,32.9369135
1367,2019-01-15,1288.4,32.799443000000004
1368,2019-01-14,1289.1,32.817263249999996
1369,2019-01-11,1289.5,32.82744625
1370,2019-01-10,1287.4,32.7739855
1371,2019-01-09,1292.0,32.89109
1372,2019-01-08,1285.9,32.73579925000001
1373,2019-01-07,1289.9,32.837629250000006
1374,2019-01-04,1285.8,32.7332535
1375,2019-01-03,1294.8,32.962371
1376,2019-01-02,1284.1,32.689975749999995
1377,2018-12-31,1281.3,32.61869475
1378,2018-12-28,1283.0,32.6619725
1379,2018-12-27,1281.1,32.61360325
1380,2018-12-26,1273.0,32.4073975
1381,2018-12-24,1271.8,32.3768485
1382,2018-12-21,1258.1,32.028080749999994
1383,2018-12-20,1267.9,32.277564250000005
1384,2018-12-19,1256.4,31.984803000000003
1385,2018-12-18,1253.6,31.913521999999997
1386,2018-12-17,1251.8,31.8676985
1387,2018-12-14,1241.4,31.602940500000003
1388,2018-12-13,1247.4,31.755685500000002
1389,2018-12-12,1250.0,31.821875
1390,2018-12-11,1247.2,31.750594
1391,2018-12-10,1249.4,31.806600500000005
1392,2018-12-07,1252.6,31.888064499999995
1393,2018-12-06,1243.6,31.658946999999998
1394,2018-12-05,1242.6,31.633489499999996
1395,2018-12-04,1246.6,31.735319499999996
1396,2018-12-03,1239.6,31.557116999999995
1397,2018-11-30,1226.0,31.210895
1398,2018-11-29,1230.4,31.322908000000005
1399,2018-11-28,1229.8,31.3076335
1400,2018-11-27,1219.9,31.055604250000005
1401,2018-11-26,1228.7,31.27963025
1402,2018-11-23,1223.2,31.139614
1403,2018-11-21,1225.8,31.2058035
1404,2018-11-20,1221.2,31.088699
1405,2018-11-19,1225.3,31.19307475
1406,2018-11-16,1223.0,31.1345225
1407,2018-11-15,1215.0,30.9308625
1408,2018-11-14,1210.1,30.806120749999995
1409,2018-11-13,1199.2,30.528634
1410,2018-11-12,1201.3,30.58209475
1411,2018-11-09,1208.6,30.767934499999996
1412,2018-11-08,1225.1,31.187983249999995
1413,2018-11-07,1228.7,31.27963025
1414,2018-11-06,1226.3,31.21853225
1415,2018-11-05,1232.3,31.37127725
1416,2018-11-02,1233.3,31.39673475
1417,2018-11-01,1238.6,31.531659499999996
1418,2018-10-31,1215.0,30.9308625
1419,2018-10-30,1225.3,31.19307475
1420,2018-10-29,1227.6,31.251626999999996
1421,2018-10-26,1235.8,31.4603785
1422,2018-10-25,1232.4,31.373823000000005
1423,2018-10-24,1231.1,31.340728249999998
1424,2018-10-23,1236.8,31.485836
1425,2018-10-22,1224.6,31.175254499999998
1426,2018-10-19,1228.7,31.27963025
1427,2018-10-18,1230.1,31.315270749999996
1428,2018-10-17,1227.4,31.246535500000004
1429,2018-10-16,1231.0,31.3381825
1430,2018-10-15,1226.4,31.221078000000002
1431,2018-10-12,1222.0,31.109065
1432,2018-10-11,1227.6,31.251626999999996
1433,2018-10-10,1193.4,30.380980500000003
1434,2018-10-09,1191.5,30.33261125
1435,2018-10-08,1184.4,30.151863000000002
1436,2018-10-05,1205.6,30.691561999999998
1437,2018-10-04,1201.6,30.589731999999998
1438,2018-10-03,1202.9,30.622826750000005
1439,2018-10-02,1207.0,30.7272025
1440,2018-10-01,1191.7,30.33770275
1441,2018-09-28,1196.2,30.4522615
1442,2018-09-27,1182.3,30.09840225
1443,2018-09-26,1199.1,30.526088249999997
1444,2018-09-25,1205.1,30.678833249999997
1445,2018-09-24,1204.4,30.661013000000004
1446,2018-09-21,1201.3,30.58209475
1447,2018-09-20,1211.3,30.83666975
1448,2018-09-19,1202.2,30.6050065
1449,2018-09-18,1202.9,30.622826750000005
1450,2018-09-17,1205.8,30.6966535
1451,2018-09-14,1201.1,30.577003249999997
1452,2018-09-13,1208.2,30.7577515
1453,2018-09-12,1210.9,30.826486750000004
1454,2018-09-11,1202.2,30.6050065
1455,2018-09-10,1199.8,30.5439085
1456,2018-09-07,1200.4,30.559183000000004
1457,2018-09-06,1204.3,30.65846725
1458,2018-09-05,1201.3,30.58209475
1459,2018-09-04,1199.1,30.526088249999997
1460,2018-08-31,1206.7,30.71956525
1461,2018-08-30,1205.0,30.6762875
1462,2018-08-29,1211.5,30.84176125
1463,2018-08-28,1207.4,30.737385500000002
1464,2018-08-27,1216.0,30.95632
1465,2018-08-24,1213.3,30.88758475
1466,2018-08-23,1194.0,30.396255
1467,2018-08-22,1203.3,30.63300975
1468,2018-08-21,1200.0,30.549
1469,2018-08-20,1194.6,30.411529499999997
1470,2018-08-17,1184.2,30.1467715
1471,2018-08-16,1184.0,30.14168
1472,2018-08-15,1185.0,30.1671375
1473,2018-08-14,1193.0,30.3707975
1474,2018-08-13,1198.9,30.520996750000005
1475,2018-08-10,1219.0,31.0326925
1476,2018-08-09,1219.9,31.055604250000005
1477,2018-08-08,1221.0,31.0836075
1478,2018-08-07,1218.3,31.01487225
1479,2018-08-06,1208.6,30.767934499999996
1480,2018-08-03,1223.2,31.139614
1481,2018-08-02,1210.6,30.818849499999995
1482,2018-08-01,1227.6,31.251626999999996
1483,2018-07-31,1233.6,31.404371999999995
1484,2018-07-30,1231.5,31.35091125
1485,2018-07-27,1232.7,31.38146025
1486,2018-07-26,1235.3,31.44764975
1487,2018-07-25,1241.0,31.5927575
1488,2018-07-24,1234.6,31.429829499999997
1489,2018-07-23,1234.4,31.424738000000005
1490,2018-07-20,1231.1,31.340728249999998
1491,2018-07-19,1224.0,31.15998
1492,2018-07-18,1227.9,31.259264250000005
1493,2018-07-17,1227.3,31.24398975
1494,2018-07-16,1239.7,31.55966275
1495,2018-07-13,1241.2,31.597849
1496,2018-07-12,1246.6,31.735319499999996
1497,2018-07-11,1244.4,31.679313000000004
1498,2018-07-10,1255.4,31.959345500000005
1499,2018-07-09,1259.6,32.066266999999996
1500,2018-07-06,1255.8,31.9695285
1501,2018-07-05,1258.8,32.045901
1502,2018-07-03,1253.5,31.91097625
1503,2018-07-02,1241.7,31.61057775
1504,2018-06-29,1254.5,31.93643375
1505,2018-06-28,1251.0,31.8473325
1506,2018-06-27,1256.1,31.977165749999998
1507,2018-06-26,1259.9,32.073904250000005
1508,2018-06-25,1268.9,32.303021750000006
1509,2018-06-22,1270.7,32.34884525
1510,2018-06-21,1270.5,32.34375375
1511,2018-06-20,1274.5,32.44558375
1512,2018-06-19,1278.6,32.54995949999999
1513,2018-06-18,1280.1,32.588145749999995
1514,2018-06-15,1278.5,32.54741375
1515,2018-06-14,1308.3,33.30604725
1516,2018-06-13,1301.3,33.12784475
1517,2018-06-12,1299.4,33.0794755
1518,2018-06-11,1303.2,33.176214
1519,2018-06-08,1302.7,33.16348525
1520,2018-06-07,1303.0,33.1711225
1521,2018-06-06,1301.4,33.130390500000004
1522,2018-06-05,1302.2,33.1507565
1523,2018-06-04,1297.3,33.02601475
1524,2018-06-01,1299.3,33.07692975
1525,2018-05-31,1304.7,33.21440025
1526,2018-05-30,1306.5,33.26022375
1527,2018-05-29,1304.1,33.19912574999999
1528,2018-05-25,1309.0,33.3238675
1529,2018-05-24,1309.8,33.3442335
1530,2018-05-23,1294.8,32.962371
1531,2018-05-22,1297.4,33.028560500000005
1532,2018-05-21,1290.9,32.86308675
1533,2018-05-18,1291.3,32.87326975
1534,2018-05-17,1289.4,32.824900500000005
1535,2018-05-16,1291.5,32.87836125
1536,2018-05-15,1290.3,32.84781225
1537,2018-05-14,1318.2,33.5580765
1538,2018-05-11,1320.7,33.62172025
1539,2018-05-10,1322.3,33.66245225
1540,2018-05-09,1313.0,33.4256975
1541,2018-05-08,1313.7,33.44351775
1542,2018-05-07,1314.1,33.453700749999996
1543,2018-05-04,1314.7,33.46897525
1544,2018-05-03,1312.7,33.41806025
1545,2018-05-02,1305.6,33.237311999999996
1546,2018-05-01,1306.8,33.267861
1547,2018-04-30,1319.2,33.583534
1548,2018-04-27,1323.4,33.6904555
1549,2018-04-26,1317.9,33.550439250000004
1550,2018-04-25,1322.8,33.675181
1551,2018-04-24,1333.0,33.9348475
1552,2018-04-23,1324.0,33.70573
1553,2018-04-20,1338.3,34.06977225
1554,2018-04-19,1348.8,34.337076
1555,2018-04-18,1353.5,34.45672625
1556,2018-04-17,1349.5,34.35489625
1557,2018-04-16,1350.7,34.38544525
1558,2018-04-13,1347.9,34.31416425
1559,2018-04-12,1341.9,34.16141925
1560,2018-04-11,1360.0,34.6222
1561,2018-04-10,1345.9,34.26324925
1562,2018-04-09,1340.1,34.11559575
1563,2018-04-06,1336.1,34.01376575
1564,2018-04-05,1328.5,33.82028875
1565,2018-04-04,1340.2,34.1181415
1566,2018-04-03,1337.3,34.04431475
1567,2018-04-02,1352.9,34.44145175
1568,2018-03-29,1327.3,33.78973975
1569,2018-03-28,1330.0,33.858475
1570,2018-03-27,1347.9,34.31416425
1571,2018-03-26,1360.9,34.64511175
1572,2018-03-23,1355.7,34.51273275
1573,2018-03-22,1333.2,33.939939
1574,2018-03-21,1321.5,33.64208625
1575,2018-03-20,1311.9,33.39769425
1576,2018-03-19,1317.8,33.5478935
1577,2018-03-16,1312.3,33.40787725
1578,2018-03-15,1317.8,33.5478935
1579,2018-03-14,1325.6,33.746462
1580,2018-03-13,1327.1,33.78464825
1581,2018-03-12,1320.8,33.624266
1582,2018-03-09,1324.0,33.70573
1583,2018-03-08,1321.7,33.64717775
1584,2018-03-07,1327.6,33.797377
1585,2018-03-06,1335.2,33.990854
1586,2018-03-05,1319.9,33.60135425
1587,2018-03-02,1323.4,33.6904555
1588,2018-03-01,1305.2,33.227129
1589,2018-02-28,1317.9,33.550439250000004
1590,2018-02-27,1315.5,33.48934125
1591,2018-02-26,1332.8,33.929756
1592,2018-02-23,1330.3,33.86611225
1593,2018-02-22,1332.7,33.92721025
1594,2018-02-21,1332.1,33.91193575
1595,2018-02-20,1331.2,33.889024
1596,2018-02-16,1356.2,34.5254615
1597,2018-02-15,1355.3,34.50254975
1598,2018-02-14,1358.0,34.571285
1599,2018-02-13,1330.4,33.868658
1600,2018-02-12,1326.4,33.766828
1601,2018-02-09,1315.7,33.49443275
1602,2018-02-08,1319.0,33.5784425
1603,2018-02-07,1314.6,33.4664295
1604,2018-02-06,1329.5,33.84574625
1605,2018-02-05,1336.5,34.02394875
1606,2018-02-02,1337.3,34.04431475
1607,2018-02-01,1347.9,34.31416425
1608,2018-01-31,1343.1,34.19196825
1609,2018-01-30,1340.0,34.11305
1610,2018-01-29,1345.1,34.24288325
1611,2018-01-26,1357.2,34.550919
1612,2018-01-25,1368.0,34.82586
1613,2018-01-24,1361.4,34.6578405
1614,2018-01-23,1336.7,34.02904025
1615,2018-01-22,1331.9,33.90684425
1616,2018-01-19,1333.1,33.93739325
1617,2018-01-18,1327.2,33.787194
1618,2018-01-17,1339.2,34.092684
1619,2018-01-16,1337.1,34.03922325
1620,2018-01-12,1334.9,33.98321675
1621,2018-01-11,1322.5,33.66754375
1622,2018-01-10,1319.3,33.58607975
1623,2018-01-09,1313.7,33.44351775
1624,2018-01-08,1320.4,33.614083
1625,2018-01-05,1322.3,33.66245225
1626,2018-01-04,1321.6,33.644632
1627,2018-01-03,1318.5,33.56571375
1628,2018-01-02,1316.1,33.50461575
1629,2017-12-29,1309.3,33.33150475
1630,2017-12-28,1297.2,33.023469
1631,2017-12-27,1291.4,32.8758155
1632,2017-12-26,1287.5,32.77653125
1633,2017-12-22,1278.8,32.555051
1634,2017-12-21,1270.6,32.34629949999999
1635,2017-12-20,1269.6,32.320842
1636,2017-12-19,1264.2,32.1833715
1637,2017-12-18,1265.5,32.21646625
1638,2017-12-15,1257.5,32.01280625
1639,2017-12-14,1257.1,32.00262325
1640,2017-12-13,1248.6,31.786234499999996
1641,2017-12-12,1241.7,31.61057775
1642,2017-12-11,1246.9,31.742956750000005
1643,2017-12-08,1248.4,31.781143000000004
1644,2017-12-07,1253.1,31.900793249999996
1645,2017-12-06,1266.1,32.23174074999999
1646,2017-12-05,1264.9,32.20119175000001
1647,2017-12-04,1277.7,32.52704775
1648,2017-12-01,1282.3,32.64415225
1649,2017-11-30,1276.7,32.50159025
1650,2017-11-29,1286.2,32.7434365
1651,2017-11-28,1299.2,33.074384
1652,2017-11-27,1298.9,33.06674675000001
1653,2017-11-24,1291.8,32.8859985
1654,2017-11-22,1296.8,33.013286
1655,2017-11-21,1281.7,32.62887775
1656,2017-11-20,1275.3,32.46594975
1657,2017-11-17,1296.5,33.00564875
1658,2017-11-16,1278.2,32.5397765
1659,2017-11-15,1277.7,32.52704775
1660,2017-11-14,1282.9,32.65942675
1661,2017-11-13,1278.9,32.55759675
1662,2017-11-10,1274.2,32.4379465
1663,2017-11-09,1287.5,32.77653125
1664,2017-11-08,1283.7,32.67979275
1665,2017-11-07,1275.8,32.4786785
1666,2017-11-06,1281.6,32.626332
1667,2017-11-03,1269.2,32.310659
1668,2017-11-02,1278.1,32.53723075
1669,2017-11-01,1277.3,32.51686475
1670,2017-10-31,1270.5,32.34375375
1671,2017-10-30,1277.7,32.52704775
1672,2017-10-27,1271.8,32.3768485
1673,2017-10-26,1269.6,32.320842
1674,2017-10-25,1279.0,32.5601425
1675,2017-10-24,1278.3,32.54232225
1676,2017-10-23,1280.9,32.608511750000005
1677,2017-10-20,1280.5,32.59832875
1678,2017-10-19,1290.0,32.840175
1679,2017-10-18,1283.0,32.6619725
1680,2017-10-17,1286.2,32.7434365
1681,2017-10-16,1303.0,33.1711225
1682,2017-10-13,1304.6,33.211854499999994
1683,2017-10-12,1296.5,33.00564875
1684,2017-10-11,1288.9,32.812171750000005
1685,2017-10-10,1293.8,32.9369135
1686,2017-10-09,1285.0,32.7128875
1687,2017-10-06,1274.9,32.45576675
1688,2017-10-05,1273.2,32.412489
1689,2017-10-04,1276.8,32.504136
1690,2017-10-03,1274.6,32.44812949999999
1691,2017-10-02,1275.8,32.4786785
1692,2017-09-29,1284.8,32.707796
1693,2017-09-28,1288.7,32.80708025
1694,2017-09-27,1287.8,32.7841685
1695,2017-09-26,1301.7,33.13802775
1696,2017-09-25,1311.5,33.38751125
1697,2017-09-22,1297.5,33.03110625
1698,2017-09-21,1294.8,32.962371
1699,2017-09-20,1316.4,33.512253
1700,2017-09-19,1310.6,33.3645995
1701,2017-09-18,1310.8,33.369691
1702,2017-09-15,1325.2,33.736279
1703,2017-09-14,1329.3,33.84065475
1704,2017-09-13,1328.0,33.80756
1705,2017-09-12,1332.7,33.92721025
1706,2017-09-11,1335.7,34.00358275
1707,2017-09-08,1351.2,34.398174
1708,2017-09-07,1350.3,34.37526225
1709,2017-09-06,1339.0,34.0875925
1710,2017-09-05,1344.5,34.22760875
1711,2017-09-01,1330.4,33.868658
1712,2017-08-31,1322.2,33.6599065
1713,2017-08-30,1314.1,33.453700749999996
1714,2017-08-29,1318.9,33.57589675
1715,2017-08-28,1315.3,33.48424975
1716,2017-08-25,1297.9,33.041289250000005
1717,2017-08-24,1292.0,32.89109
1718,2017-08-23,1294.7,32.95982525
1719,2017-08-22,1291.0,32.8656325
1720,2017-08-21,1296.7,33.01074025
1721,2017-08-18,1291.6,32.88090699999999
1722,2017-08-17,1292.4,32.901273
1723,2017-08-16,1282.9,32.65942675
1724,2017-08-15,1279.7,32.57796275
1725,2017-08-14,1290.4,32.85035800000001
1726,2017-08-11,1294.0,32.942005
1727,2017-08-10,1290.1,32.84272075
1728,2017-08-09,1279.3,32.56777975
1729,2017-08-08,1262.6,32.142639499999994
1730,2017-08-07,1264.7,32.19610025
1731,2017-08-04,1264.6,32.1935545
1732,2017-08-03,1274.4,32.443038
1733,2017-08-02,1278.4,32.544868
1734,2017-08-01,1279.4,32.5703255
1735,2017-07-31,1273.4,32.41758050000001
1736,2017-07-28,1275.3,32.46594975
1737,2017-07-27,1266.5,32.24192375
1738,2017-07-26,1255.6,31.964436999999997
1739,2017-07-25,1258.5,32.03826375
1740,2017-07-24,1260.7,32.09427025
1741,2017-07-21,1261.0,32.1019075
1742,2017-07-20,1245.5,31.70731625
1743,2017-07-19,1242.0,31.618215
1744,2017-07-18,1241.9,31.615669250000003
1745,2017-07-17,1233.7,31.40691775
1746,2017-07-14,1227.5,31.24908125
1747,2017-07-13,1217.3,30.98941475
1748,2017-07-12,1219.1,31.035238249999995
1749,2017-07-11,1214.7,30.92322525
1750,2017-07-10,1213.2,30.885039
1751,2017-07-07,1209.7,30.79593775
1752,2017-07-06,1223.3,31.14215975
1753,2017-07-05,1221.7,31.10142775
1754,2017-07-03,1219.2,31.037784
1755,2017-06-30,1242.3,31.62585225
1756,2017-06-29,1245.8,31.7149535
1757,2017-06-28,1249.1,31.798963249999996
1758,2017-06-27,1246.9,31.742956750000005
1759,2017-06-26,1246.4,31.730228000000004
1760,2017-06-23,1256.4,31.984803000000003
1761,2017-06-22,1249.4,31.806600500000005
1762,2017-06-21,1245.8,31.7149535
1763,2017-06-20,1243.5,31.65640125
1764,2017-06-19,1246.7,31.73786525
1765,2017-06-16,1256.5,31.98734875
1766,2017-06-15,1254.6,31.938979499999995
1767,2017-06-14,1275.9,32.481224250000004
1768,2017-06-13,1268.6,32.2953845
1769,2017-06-12,1268.9,32.303021750000006
1770,2017-06-09,1271.4,32.3666655
1771,2017-06-08,1279.5,32.57287125
1772,2017-06-07,1293.2,32.921639
1773,2017-06-06,1297.5,33.03110625
1774,2017-06-05,1282.7,32.65433525
1775,2017-06-02,1280.2,32.5906915
1776,2017-06-01,1270.1,32.33357075
1777,2017-05-31,1275.4,32.4684955
1778,2017-05-30,1265.7,32.22155775
1779,2017-05-26,1271.4,32.3666655
1780,2017-05-25,1259.8,32.0713585
1781,2017-05-24,1253.1,31.900793249999996
1782,2017-05-23,1255.5,31.96189125
1783,2017-05-22,1261.4,32.1120905
1784,2017-05-19,1253.6,31.913521999999997
1785,2017-05-18,1252.8,31.893156
1786,2017-05-17,1258.7,32.04335525
1787,2017-05-16,1236.4,31.475653000000005
1788,2017-05-15,1230.0,31.312725
1789,2017-05-12,1227.7,31.25417275
1790,2017-05-11,1224.2,31.1650715
1791,2017-05-10,1218.9,31.030146750000004
1792,2017-05-09,1216.1,30.958865749999998
1793,2017-05-08,1227.1,31.238898249999995
1794,2017-05-05,1226.9,31.233806750000003
1795,2017-05-04,1228.6,31.277084499999997
1796,2017-05-03,1248.5,31.78368875
1797,2017-05-02,1257.0,32.0000775
1798,2017-05-01,1255.5,31.96189125
1799,2017-04-28,1268.3,32.28774725
1800,2017-04-27,1265.9,32.22664925
1801,2017-04-26,1264.2,32.1833715
1802,2017-04-25,1267.2,32.259744
1803,2017-04-24,1277.5,32.52195625
1804,2017-04-21,1289.1,32.817263249999996
1805,2017-04-20,1283.8,32.6823385
1806,2017-04-19,1283.4,32.6721555
1807,2017-04-18,1294.1,32.94455075
1808,2017-04-17,1291.9,32.88854425
1809,2017-04-13,1288.5,32.80198875
1810,2017-04-12,1278.1,32.53723075
1811,2017-04-11,1274.2,32.4379465
1812,2017-04-10,1253.9,31.921159250000002
1813,2017-04-07,1257.3,32.00771475
1814,2017-04-06,1253.3,31.90588475
1815,2017-04-05,1248.5,31.78368875
1816,2017-04-04,1258.4,32.035718
1817,2017-04-03,1254.0,31.923705
1818,2017-03-31,1251.2,31.852424
1819,2017-03-30,1248.0,31.77096
1820,2017-03-29,1256.8,31.994986
1821,2017-03-28,1258.8,32.045901
1822,2017-03-27,1258.8,32.045901
1823,2017-03-24,1251.7,31.86515275
1824,2017-03-23,1250.1,31.824420749999998
1825,2017-03-22,1249.7,31.81423775
1826,2017-03-21,1246.5,31.73277375
1827,2017-03-20,1234.0,31.414555
1828,2017-03-17,1230.2,31.3178165
1829,2017-03-16,1227.1,31.238898249999995
1830,2017-03-15,1200.7,30.56682025
1831,2017-03-14,1202.6,30.615189499999996
1832,2017-03-13,1203.1,30.627918249999997
1833,2017-03-10,1201.4,30.584640500000003
1834,2017-03-09,1203.2,30.630464
1835,2017-03-08,1209.4,30.788300500000005
1836,2017-03-07,1216.1,30.958865749999998
1837,2017-03-06,1225.5,31.19816625
1838,2017-03-03,1226.5,31.22362375
1839,2017-03-02,1232.9,31.386551750000002
1840,2017-03-01,1250.0,31.821875
1841,2017-02-28,1253.9,31.921159250000002
1842,2017-02-27,1258.8,32.045901
1843,2017-02-24,1258.3,32.03317225
1844,2017-02-23,1251.4,31.857515500000005
1845,2017-02-22,1233.3,31.39673475
1846,2017-02-21,1238.9,31.539296750000005
1847,2017-02-17,1239.1,31.544388249999997
1848,2017-02-16,1241.6,31.608031999999998
1849,2017-02-15,1233.1,31.391643249999998
1850,2017-02-14,1225.4,31.195620500000004
1851,2017-02-13,1225.8,31.2058035
1852,2017-02-10,1235.9,31.462924250000004
1853,2017-02-09,1236.8,31.485836
1854,2017-02-08,1239.5,31.55457125
1855,2017-02-07,1236.1,31.468015749999996
1856,2017-02-06,1232.1,31.366185749999996
1857,2017-02-03,1220.8,31.078516
1858,2017-02-02,1219.4,31.042875500000005
1859,2017-02-01,1208.3,30.76029725
1860,2017-01-31,1211.4,30.839215500000005
1861,2017-01-30,1196.0,30.44717
1862,2017-01-27,1191.1,30.322428249999998
1863,2017-01-26,1192.5,30.35806875
1864,2017-01-25,1200.5,30.56172875
1865,2017-01-24,1210.8,30.823941
1866,2017-01-23,1215.6,30.946136999999997
1867,2017-01-20,1204.9,30.673741750000005
1868,2017-01-19,1201.5,30.58718625
1869,2017-01-18,1212.1,30.857035749999998
1870,2017-01-17,1212.9,30.877401750000004
1871,2017-01-13,1196.2,30.4522615
1872,2017-01-12,1199.8,30.5439085
1873,2017-01-11,1196.6,30.462444499999997
1874,2017-01-10,1185.5,30.17986625
1875,2017-01-09,1184.9,30.164591750000003
1876,2017-01-06,1173.4,29.871830500000005
1877,2017-01-05,1181.3,30.07294475
1878,2017-01-04,1165.3,29.66562475
1879,2017-01-03,1162.0,29.581615
1880,2016-12-30,1151.7,29.31940275
1881,2016-12-29,1158.1,29.482330749999996
1882,2016-12-28,1140.9,29.044461750000004
1883,2016-12-27,1138.8,28.991001
1884,2016-12-23,1133.6,28.858621999999997
1885,2016-12-22,1133.6,28.858621999999997
1886,2016-12-21,1133.2,28.848439
1887,2016-12-20,1133.6,28.858621999999997
1888,2016-12-19,1142.7,29.09028525
1889,2016-12-16,1137.4,28.955360500000005
1890,2016-12-15,1129.8,28.7618835
1891,2016-12-14,1163.7,29.62489275
1892,2016-12-13,1159.0,29.5052425
1893,2016-12-12,1165.8,29.6783535
1894,2016-12-09,1161.9,29.579069250000003
1895,2016-12-08,1172.4,29.846373000000003
1896,2016-12-07,1177.5,29.97620625
1897,2016-12-06,1170.1,29.787820749999995
1898,2016-12-05,1176.5,29.95074875
1899,2016-12-02,1177.8,29.9838435
1900,2016-12-01,1169.4,29.770000500000005
1901,2016-11-30,1173.9,29.884559250000002
1902,2016-11-29,1190.8,30.314791
1903,2016-11-28,1193.8,30.3911635
1904,2016-11-25,1181.0,30.0653075
1905,2016-11-23,1192.4,30.355523000000005
1906,2016-11-22,1211.2,30.834124
1907,2016-11-21,1209.8,30.7984835
1908,2016-11-18,1208.7,30.77048025
1909,2016-11-17,1216.9,30.979231750000004
1910,2016-11-16,1223.9,31.157434250000005
1911,2016-11-15,1224.5,31.17270875
1912,2016-11-14,1221.7,31.10142775
1913,2016-11-11,1224.3,31.16761725
1914,2016-11-10,1266.4,32.239378
1915,2016-11-09,1273.5,32.42012625
1916,2016-11-08,1274.5,32.44558375
1917,2016-11-07,1279.4,32.5703255
1918,2016-11-04,1304.5,33.20930875
1919,2016-11-03,1303.3,33.17875975
1920,2016-11-02,1308.2,33.3035015
1921,2016-11-01,1288.0,32.78926
1922,2016-10-31,1273.1,32.40994325
1923,2016-10-28,1276.8,32.504136
1924,2016-10-27,1269.5,32.31829625
1925,2016-10-26,1266.6,32.244469499999994
1926,2016-10-25,1273.6,32.422672
1927,2016-10-24,1263.7,32.17064275
1928,2016-10-21,1267.7,32.27247275
1929,2016-10-20,1267.5,32.26738125
1930,2016-10-19,1269.9,32.32847925
1931,2016-10-18,1262.9,32.15027675
1932,2016-10-17,1256.6,31.989894499999995
1933,2016-10-14,1255.5,31.96189125
1934,2016-10-13,1257.6,32.01535199999999
1935,2016-10-12,1253.8,31.9186135
1936,2016-10-11,1255.9,31.972074250000002
1937,2016-10-10,1260.4,32.086633000000006
1938,2016-10-07,1251.9,31.870244250000002
1939,2016-10-06,1253.0,31.8982475
1940,2016-10-05,1268.6,32.2953845
1941,2016-10-04,1269.7,32.32338775
1942,2016-10-03,1312.7,33.41806025
1943,2016-09-30,1317.1,33.530073249999994
1944,2016-09-29,1326.0,33.756645
1945,2016-09-28,1323.7,33.69809275
1946,2016-09-27,1330.4,33.868658
1947,2016-09-26,1344.1,34.21742575
1948,2016-09-23,1341.7,34.15632775
1949,2016-09-22,1344.7,34.23270025
1950,2016-09-21,1331.4,33.8941155
1951,2016-09-20,1318.2,33.5580765
1952,2016-09-19,1317.8,33.5478935
1953,2016-09-16,1310.2,33.3544165
1954,2016-09-15,1318.0,33.552985
1955,2016-09-14,1326.1,33.75919075
1956,2016-09-13,1323.7,33.69809275
1957,2016-09-12,1325.6,33.746462
1958,2016-09-09,1334.5,33.97303375
1959,2016-09-08,1341.6,34.153782
1960,2016-09-07,1349.2,34.347259
1961,2016-09-06,1349.2,34.347259
1962,2016-09-02,1354.0,34.469455
1963,2016-09-01,1317.1,33.530073249999994
1964,2016-08-31,1311.4,33.38496550000001
1965,2016-08-30,1316.5,33.51479875
1966,2016-08-29,1327.1,33.78464825
1967,2016-08-26,1325.9,33.75409925
1968,2016-08-25,1324.6,33.7210045
1969,2016-08-24,1329.7,33.85083775
1970,2016-08-23,1346.1,34.26834075
1971,2016-08-22,1343.4,34.1996055
1972,2016-08-19,1346.2,34.2708865
1973,2016-08-18,1357.2,34.550919
1974,2016-08-17,1348.8,34.337076
1975,2016-08-16,1356.9,34.54328175
1976,2016-08-15,1347.5,34.30398125
1977,2016-08-12,1343.2,34.194514
1978,2016-08-11,1350.0,34.367625
1979,2016-08-10,1351.9,34.41599425
1980,2016-08-09,1346.7,34.28361525
1981,2016-08-08,1341.3,34.14614475
1982,2016-08-05,1344.4,34.225063
1983,2016-08-04,1367.4,34.8105855
1984,2016-08-03,1364.7,34.74185025
1985,2016-08-02,1372.6,34.9429645
1986,2016-08-01,1359.6,34.612017
1987,2016-07-29,1349.0,34.3421675
1988,2016-07-28,1332.3,33.91702725
1989,2016-07-27,1326.7,33.77446525
1990,2016-07-26,1320.8,33.624266
1991,2016-07-25,1319.5,33.59117125
1992,2016-07-22,1323.4,33.6904555
1993,2016-07-21,1331.0,33.8839325
1994,2016-07-20,1319.3,33.58607975
1995,2016-07-19,1332.3,33.91702725
1996,2016-07-18,1329.3,33.84065475
1997,2016-07-15,1327.4,33.7922855
1998,2016-07-14,1327.4,33.7922855
1999,2016-07-13,1332.2,33.9144815
2000,2016-07-12,1335.3,33.99339975
2001,2016-07-11,1356.6,34.5356445
2002,2016-07-08,1358.4,34.581468
2003,2016-07-07,1362.1,34.67566075
2004,2016-07-06,1367.1,34.80294825
2005,2016-07-05,1358.7,34.58910525
2006,2016-07-01,1339.0,34.0875925
2007,2016-06-30,1320.6,33.6191745
2008,2016-06-29,1326.9,33.77955675
2009,2016-06-28,1317.9,33.550439250000004
2010,2016-06-27,1324.7,33.72355025
2011,2016-06-24,1322.4,33.664998
2012,2016-06-23,1263.1,32.155368249999995
2013,2016-06-22,1270.0,32.331025
2014,2016-06-21,1272.5,32.39466875
2015,2016-06-20,1292.1,32.893635749999994
2016,2016-06-17,1294.8,32.962371
2017,2016-06-16,1298.4,33.054018000000006
2018,2016-06-15,1288.3,32.79689725
2019,2016-06-14,1288.1,32.791805749999995
2020,2016-06-13,1286.9,32.76125675
2021,2016-06-10,1275.9,32.481224250000004
2022,2016-06-09,1272.7,32.39976025
2023,2016-06-08,1262.3,32.13500225
2024,2016-06-07,1247.0,31.7455025
2025,2016-06-06,1247.4,31.755685500000002
2026,2016-06-03,1242.9,31.641126750000005
2027,2016-06-02,1212.6,30.869764499999995
2028,2016-06-01,1214.7,30.92322525
2029,2016-05-31,1217.5,30.99450625
2030,2016-05-27,1216.7,30.97414025
2031,2016-05-26,1222.7,31.12688525
2032,2016-05-25,1226.6,31.226169499999997
2033,2016-05-24,1232.2,31.3687315
2034,2016-05-23,1251.5,31.86006125
2035,2016-05-20,1252.9,31.895701750000004
2036,2016-05-19,1254.8,31.944071
2037,2016-05-18,1274.4,32.443038
2038,2016-05-17,1276.9,32.506681750000006
2039,2016-05-16,1274.2,32.4379465
2040,2016-05-13,1272.7,32.39976025
2041,2016-05-12,1271.2,32.361574
2042,2016-05-11,1275.5,32.47104125
2043,2016-05-10,1264.8,32.198646
2044,2016-05-09,1266.6,32.244469499999994
2045,2016-05-06,1294.0,32.942005
2046,2016-05-05,1272.3,32.38957725
2047,2016-05-04,1274.4,32.443038
2048,2016-05-03,1291.8,32.8859985
2049,2016-05-02,1295.8,32.9878285
2050,2016-04-29,1290.5,32.85290375
2051,2016-04-28,1266.4,32.239378
2052,2016-04-27,1250.4,31.832058000000004
2053,2016-04-26,1243.4,31.653855500000002
2054,2016-04-25,1240.2,31.5723915
2055,2016-04-22,1230.0,31.312725
2056,2016-04-21,1250.3,31.82951225
2057,2016-04-20,1254.4,31.933888000000003
2058,2016-04-19,1254.3,31.93134225
2059,2016-04-18,1235.0,31.4400125
2060,2016-04-15,1234.6,31.429829499999997
2061,2016-04-14,1226.5,31.22362375
2062,2016-04-13,1248.3,31.77859725
2063,2016-04-12,1260.9,32.09936175000001
2064,2016-04-11,1258.0,32.025535
2065,2016-04-08,1243.8,31.6640385
2066,2016-04-07,1237.5,31.50365625
2067,2016-04-06,1223.8,31.1548885
2068,2016-04-05,1229.6,31.302541999999995
2069,2016-04-04,1219.3,31.04032975
2070,2016-04-01,1223.5,31.14725125
2071,2016-03-31,1235.6,31.455286999999995
2072,2016-03-30,1228.6,31.277084499999997
2073,2016-03-29,1237.5,31.50365625
2074,2016-03-28,1222.0,31.109065
2075,2016-03-24,1223.5,31.14725125
2076,2016-03-23,1225.6,31.200711999999996
2077,2016-03-22,1248.6,31.786234499999996
2078,2016-03-21,1244.2,31.6742215
2079,2016-03-18,1254.3,31.93134225
2080,2016-03-17,1265.0,32.2037375
2081,2016-03-16,1229.8,31.3076335
2082,2016-03-15,1231.0,31.3381825
2083,2016-03-14,1245.1,31.697133249999997
2084,2016-03-11,1259.4,32.061175500000004
2085,2016-03-10,1272.8,32.402306
2086,2016-03-09,1257.4,32.0102605
2087,2016-03-08,1262.9,32.15027675
2088,2016-03-07,1264.0,32.17828
2089,2016-03-04,1270.7,32.34884525
2090,2016-03-03,1258.2,32.0306265
2091,2016-03-02,1241.8,31.6131235
2092,2016-03-01,1230.8,31.333091
2093,2016-02-29,1234.4,31.424738000000005
2094,2016-02-26,1220.4,31.068333000000003
2095,2016-02-25,1238.8,31.536751
2096,2016-02-24,1239.1,31.544388249999997
2097,2016-02-23,1222.6,31.124339499999998
2098,2016-02-22,1210.1,30.806120749999995
2099,2016-02-19,1230.8,31.333091
2100,2016-02-18,1226.3,31.21853225
2101,2016-02-17,1211.4,30.839215500000005
2102,2016-02-16,1208.2,30.7577515
2103,2016-02-12,1239.4,31.552025500000003
2104,2016-02-11,1247.8,31.7658685
2105,2016-02-10,1194.6,30.411529499999997
2106,2016-02-09,1198.6,30.513359499999996
2107,2016-02-08,1197.9,30.495539250000004
2108,2016-02-05,1157.7,29.47214775
2109,2016-02-04,1157.5,29.46705625
2110,2016-02-03,1141.3,29.05464475
2111,2016-02-02,1127.2,28.695694
2112,2016-02-01,1128.0,28.71606
2113,2016-01-29,1116.4,28.420753000000005
2114,2016-01-28,1116.1,28.413115749999996
2115,2016-01-27,1116.3,28.41820725
2116,2016-01-26,1120.6,28.527674499999996
2117,2016-01-25,1105.3,28.13817475
2118,2016-01-22,1096.3,27.90905725
2119,2016-01-21,1098.2,27.9574265
2120,2016-01-20,1106.2,28.1610865
2121,2016-01-19,1089.1,27.725763249999996
2122,2016-01-15,1090.7,27.76649525
2123,2016-01-14,1073.6,27.331171999999995
2124,2016-01-13,1087.1,27.674848249999997
2125,2016-01-12,1085.2,27.626479
2126,2016-01-11,1096.2,27.9065115
2127,2016-01-08,1097.9,27.949789250000002
2128,2016-01-07,1107.8,28.2018185
2129,2016-01-06,1091.9,27.797044250000003
2130,2016-01-05,1078.4,27.453368000000005
2131,2016-01-04,1075.2,27.371904
2132,2015-12-31,1060.2,26.9900415
2133,2015-12-30,1059.8,26.9798585
2134,2015-12-29,1068.0,27.18861
2135,2015-12-28,1068.3,27.19624725
2136,2015-12-25,1075.9,27.389724250000004
2137,2015-12-24,1075.9,27.389724250000004
2138,2015-12-23,1068.3,27.19624725
2139,2015-12-22,1074.1,27.343900749999996
2140,2015-12-21,1080.6,27.509374499999996
2141,2015-12-18,1065.0,27.1122375
2142,2015-12-17,1049.6,26.720191999999997
2143,2015-12-16,1076.8,27.412636
2144,2015-12-15,1061.6,27.025681999999996
2145,2015-12-14,1063.4,27.071505500000004
2146,2015-12-11,1075.7,27.38463275
2147,2015-12-10,1072.0,27.29044
2148,2015-12-09,1076.5,27.40499875
2149,2015-12-08,1075.3,27.37444975
2150,2015-12-07,1075.2,27.371904
2151,2015-12-04,1084.1,27.598475749999995
2152,2015-12-03,1061.2,27.015499
2153,2015-12-02,1053.8,26.8271135
2154,2015-12-01,1063.5,27.07405125
2155,2015-11-30,1065.3,27.11987475
2156,2015-11-27,1056.2,26.8882115
2157,2015-11-26,1069.7,27.23188775
2158,2015-11-25,1069.7,27.23188775
2159,2015-11-24,1073.3,27.32353475
2160,2015-11-23,1066.6,27.152969499999998
2161,2015-11-20,1076.3,27.39990725
2162,2015-11-19,1077.9,27.440639250000004
2163,2015-11-18,1068.7,27.20643025
2164,2015-11-17,1068.6,27.203884499999997
2165,2015-11-16,1083.6,27.585746999999998
2166,2015-11-13,1080.9,27.517011750000005
2167,2015-11-12,1081.0,27.5195575
2168,2015-11-11,1084.9,27.618841750000005
2169,2015-11-10,1088.5,27.71048875
2170,2015-11-09,1088.1,27.700305749999995
2171,2015-11-06,1087.7,27.69012275
2172,2015-11-05,1104.2,28.1101715
2173,2015-11-04,1106.2,28.1610865
2174,2015-11-03,1114.1,28.362200749999996
2175,2015-11-02,1135.9,28.917174250000002
2176,2015-10-30,1141.4,29.057190500000004
2177,2015-10-29,1147.3,29.20738975
2178,2015-10-28,1176.1,29.940565749999998
2179,2015-10-27,1165.8,29.6783535
2180,2015-10-26,1166.2,29.6885365
2181,2015-10-23,1162.8,29.601981
2182,2015-10-22,1166.1,29.685990749999995
2183,2015-10-21,1167.1,29.711448249999997
2184,2015-10-20,1177.5,29.97620625
2185,2015-10-19,1172.8,29.856556
2186,2015-10-16,1183.1,30.118768249999995
2187,2015-10-15,1187.5,30.23078125
2188,2015-10-14,1179.8,30.0347585
2189,2015-10-13,1165.4,29.668170500000002
2190,2015-10-12,1164.5,29.64525875
2191,2015-10-09,1155.9,29.426324250000004
2192,2015-10-08,1144.3,29.13101725
2193,2015-10-07,1148.7,29.24303025
2194,2015-10-06,1146.4,29.184478000000002
2195,2015-10-05,1137.6,28.960451999999997
2196,2015-10-02,1136.6,28.934994499999995
2197,2015-10-01,1113.7,28.35201775
2198,2015-09-30,1115.2,28.390204
2199,2015-09-29,1126.8,28.685511
2200,2015-09-28,1131.7,28.81025275
2201,2015-09-25,1145.6,29.164111999999996
2202,2015-09-24,1153.8,29.3728635
2203,2015-09-23,1131.5,28.80516125
2204,2015-09-22,1124.8,28.634596
2205,2015-09-21,1132.8,28.838256
2206,2015-09-18,1137.8,28.9655435
2207,2015-09-17,1117.0,28.4360275
2208,2015-09-16,1119.0,28.4869425
2209,2015-09-15,1102.6,28.069439499999998
2210,2015-09-14,1107.7,28.19927275
2211,2015-09-11,1103.3,28.08725975
2212,2015-09-10,1109.3,28.24000475
2213,2015-09-09,1102.0,28.054165
2214,2015-09-08,1121.0,28.5378575
2215,2015-09-07,1121.4,28.548040500000003
2216,2015-09-04,1121.4,28.548040500000003
2217,2015-09-03,1124.5,28.62695875
2218,2015-09-02,1133.6,28.858621999999997
2219,2015-09-01,1139.8,29.0164585
2220,2015-08-31,1132.5,28.83061875
2221,2015-08-28,1134.0,28.868805
2222,2015-08-27,1122.6,28.578589499999996
2223,2015-08-26,1124.6,28.629504499999996
2224,2015-08-25,1138.3,28.97827225
2225,2015-08-24,1153.6,29.367771999999995
2226,2015-08-21,1159.6,29.520516999999995
2227,2015-08-20,1153.2,29.357589
2228,2015-08-19,1127.9,28.713514250000003
2229,2015-08-18,1116.9,28.433481750000002
2230,2015-08-17,1118.4,28.471668000000005
2231,2015-08-14,1112.7,28.32656025
2232,2015-08-13,1115.6,28.400386999999995
2233,2015-08-12,1123.6,28.604046999999998
2234,2015-08-11,1107.7,28.19927275
2235,2015-08-10,1104.1,28.107625749999997
2236,2015-08-07,1094.1,27.853050749999998
2237,2015-08-06,1090.1,27.751220749999995
2238,2015-08-05,1085.6,27.636661999999998
2239,2015-08-04,1090.7,27.76649525
2240,2015-08-03,1089.4,27.733400500000005
2241,2015-07-31,1095.1,27.878508249999996
2242,2015-07-30,1088.7,27.71558025
2243,2015-07-29,1093.3,27.83268475
2244,2015-07-28,1096.7,27.91924025
2245,2015-07-27,1096.9,27.924331750000004
2246,2015-07-24,1085.5,27.63411625
2247,2015-07-23,1094.1,27.853050749999998
2248,2015-07-22,1091.5,27.78686125
2249,2015-07-21,1103.5,28.09235125
2250,2015-07-20,1106.8,28.176361
2251,2015-07-17,1131.9,28.815344250000003
2252,2015-07-16,1143.9,29.120834250000005
2253,2015-07-15,1147.4,29.209935500000004
2254,2015-07-14,1153.5,29.36522625
2255,2015-07-13,1155.4,29.413595500000003
2256,2015-07-10,1157.9,29.477239250000004
2257,2015-07-09,1159.2,29.510334
2258,2015-07-08,1163.5,29.61980125
2259,2015-07-07,1152.6,29.342314499999997
2260,2015-07-06,1173.2,29.866739
2261,2015-07-03,1163.5,29.61980125
2262,2015-07-02,1163.5,29.61980125
2263,2015-07-01,1169.3,29.76745475
2264,2015-06-30,1171.8,29.8310985
2265,2015-06-29,1179.0,30.0143925
2266,2015-06-26,1173.2,29.866739
2267,2015-06-25,1171.8,29.8310985
2268,2015-06-24,1172.9,29.859101750000004
2269,2015-06-23,1176.6,29.953294499999995
2270,2015-06-22,1184.1,30.144225749999997
2271,2015-06-19,1201.9,30.597369250000003
2272,2015-06-18,1202.0,30.599915
2273,2015-06-17,1176.8,29.958386
2274,2015-06-16,1180.9,30.062761750000004
2275,2015-06-15,1185.8,30.1875035
2276,2015-06-12,1179.2,30.019484
2277,2015-06-11,1180.4,30.050033000000003
2278,2015-06-10,1186.6,30.207869499999997
2279,2015-06-09,1177.6,29.978751999999997
2280,2015-06-08,1173.6,29.876921999999997
2281,2015-06-05,1168.1,29.736905749999995
2282,2015-06-04,1175.2,29.917654
2283,2015-06-03,1184.9,30.164591750000003
2284,2015-06-02,1194.4,30.406438000000005
2285,2015-06-01,1188.7,30.26133025
2286,2015-05-29,1189.8,30.2893335
2287,2015-05-28,1188.8,30.263876
2288,2015-05-27,1186.5,30.20532375
2289,2015-05-26,1187.8,30.2384185
2290,2015-05-25,1204.0,30.65083
2291,2015-05-22,1204.0,30.65083
2292,2015-05-21,1204.1,30.653375749999995
2293,2015-05-20,1208.7,30.77048025
2294,2015-05-19,1206.7,30.71956525
2295,2015-05-18,1227.6,31.251626999999996
2296,2015-05-15,1225.3,31.19307475
2297,2015-05-14,1225.2,31.190529
2298,2015-05-13,1218.2,31.0123265
2299,2015-05-12,1192.4,30.355523000000005
2300,2015-05-11,1183.0,30.1162225
2301,2015-05-08,1188.9,30.266421750000003
2302,2015-05-07,1182.2,30.0958565
2303,2015-05-06,1190.3,30.30206225
2304,2015-05-05,1193.2,30.375889
2305,2015-05-04,1186.8,30.212961
2306,2015-05-01,1174.5,29.89983375
2307,2015-04-30,1182.4,30.100948000000002
2308,2015-04-29,1210.0,30.803575
2309,2015-04-28,1213.9,30.902859250000002
2310,2015-04-27,1203.2,30.630464
2311,2015-04-24,1175.0,29.9125625
2312,2015-04-23,1194.3,30.40389225
2313,2015-04-22,1186.9,30.215506750000003
2314,2015-04-21,1203.1,30.627918249999997
2315,2015-04-20,1193.7,30.38861775
2316,2015-04-17,1203.1,30.627918249999997
2317,2015-04-16,1198.0,30.498085
2318,2015-04-15,1201.3,30.58209475
2319,2015-04-14,1192.6,30.360614499999997
2320,2015-04-13,1199.3,30.53117975
2321,2015-04-10,1204.6,30.666104499999996
2322,2015-04-09,1193.6,30.386071999999995
2323,2015-04-08,1203.1,30.627918249999997
2324,2015-04-07,1210.6,30.818849499999995
2325,2015-04-06,1218.6,31.022509499999995
2326,2015-04-03,1200.9,30.571911750000005
2327,2015-04-02,1200.9,30.571911750000005
2328,2015-04-01,1208.2,30.7577515
2329,2015-03-31,1183.2,30.121314
2330,2015-03-30,1185.3,30.17477475
2331,2015-03-27,1200.7,30.56682025
2332,2015-03-26,1205.7,30.69410775
2333,2015-03-25,1197.0,30.4726275
2334,2015-03-24,1191.4,30.330065500000003
2335,2015-03-23,1187.7,30.23587275
2336,2015-03-20,1184.6,30.156954499999998
2337,2015-03-19,1169.0,29.7598175
2338,2015-03-18,1151.3,29.30921975
2339,2015-03-17,1148.2,29.2303015
2340,2015-03-16,1153.2,29.357589
2341,2015-03-13,1152.4,29.337223000000005
2342,2015-03-12,1151.9,29.324494250000004
2343,2015-03-11,1150.6,29.291399499999997
2344,2015-03-10,1160.1,29.533245749999995
2345,2015-03-09,1166.5,29.69617375
2346,2015-03-06,1164.3,29.64016725
2347,2015-03-05,1196.2,30.4522615
2348,2015-03-04,1200.9,30.571911750000005
2349,2015-03-03,1204.4,30.661013000000004
2350,2015-03-02,1208.2,30.7577515
2351,2015-02-27,1213.1,30.882493249999996
2352,2015-02-26,1210.1,30.806120749999995
2353,2015-02-25,1201.5,30.58718625
2354,2015-02-24,1197.3,30.48026475
2355,2015-02-23,1200.8,30.569366
2356,2015-02-20,1204.9,30.673741750000005
2357,2015-02-19,1207.6,30.742476999999997
2358,2015-02-18,1200.2,30.5540915
2359,2015-02-17,1208.6,30.767934499999996
2360,2015-02-16,1227.1,31.238898249999995
2361,2015-02-13,1227.1,31.238898249999995
2362,2015-02-12,1220.7,31.07597025
2363,2015-02-11,1219.6,31.047966999999996
2364,2015-02-10,1232.2,31.3687315
2365,2015-02-09,1241.5,31.60548625
2366,2015-02-06,1234.6,31.429829499999997
2367,2015-02-05,1262.7,32.14518525
2368,2015-02-04,1264.5,32.19100875
2369,2015-02-03,1260.3,32.08408725
2370,2015-02-02,1276.9,32.506681750000006
2371,2015-01-30,1279.2,32.565234
2372,2015-01-29,1255.9,31.972074250000002
2373,2015-01-28,1287.2,32.768894
2374,2015-01-27,1292.9,32.914001750000004
2375,2015-01-26,1279.4,32.5703255
2376,2015-01-23,1292.6,32.906364499999995
2377,2015-01-22,1300.7,33.11257025
2378,2015-01-21,1293.7,32.93436775
2379,2015-01-20,1294.2,32.9470965
2380,2015-01-19,1276.9,32.506681750000006
2381,2015-01-16,1276.9,32.506681750000006
2382,2015-01-15,1264.8,32.198646
2383,2015-01-14,1234.5,31.42728375
2384,2015-01-13,1234.4,31.424738000000005
2385,2015-01-12,1232.8,31.384006
2386,2015-01-09,1216.1,30.958865749999998
2387,2015-01-08,1208.5,30.76538875
2388,2015-01-07,1210.7,30.82139525
2389,2015-01-06,1219.4,31.042875500000005
2390,2015-01-05,1204.0,30.65083
2391,2015-01-02,1186.2,30.1976865
2392,2015-01-01,1184.1,30.144225749999997
2393,2014-12-31,1184.1,30.144225749999997
2394,2014-12-30,1200.4,30.559183000000004
2395,2014-12-29,1181.9,30.088219250000005
2396,2014-12-26,1195.3,30.42934975
2397,2014-12-25,1173.5,29.87437625
2398,2014-12-24,1173.5,29.87437625
2399,2014-12-23,1178.0,29.988935
2400,2014-12-22,1179.8,30.0347585
2401,2014-12-19,1196.0,30.44717
2402,2014-12-18,1194.8,30.416621
2403,2014-12-17,1194.5,30.40898375
2404,2014-12-16,1194.3,30.40389225
2405,2014-12-15,1207.7,30.74502275
2406,2014-12-12,1222.5,31.12179375
2407,2014-12-11,1225.6,31.200711999999996
2408,2014-12-10,1229.4,31.297450500000004
2409,2014-12-09,1232.0,31.36364
2410,2014-12-08,1194.9,30.419166750000002
2411,2014-12-05,1190.4,30.304608000000005
2412,2014-12-04,1207.7,30.74502275
2413,2014-12-03,1208.7,30.77048025
2414,2014-12-02,1199.4,30.533725500000003
2415,2014-12-01,1218.1,31.009780749999997
2416,2014-11-28,1175.5,29.92529125
2417,2014-11-27,1197.5,30.48535625
2418,2014-11-26,1197.5,30.48535625
2419,2014-11-25,1197.8,30.4929935
2420,2014-11-24,1196.6,30.462444499999997
2421,2014-11-21,1197.7,30.49044775
2422,2014-11-20,1190.9,30.317336750000003
2423,2014-11-19,1193.9,30.393709250000004
2424,2014-11-18,1197.1,30.475173249999997
2425,2014-11-17,1183.5,30.12895125
2426,2014-11-14,1185.6,30.182411999999996
2427,2014-11-13,1161.5,29.56888625
2428,2014-11-12,1159.1,29.507788249999997
2429,2014-11-11,1163.0,29.6070725
2430,2014-11-10,1159.8,29.5256085
2431,2014-11-07,1169.8,29.7801835
2432,2014-11-06,1142.6,29.087739499999998
2433,2014-11-05,1145.7,29.16665775
2434,2014-11-04,1167.7,29.72672275
2435,2014-11-03,1169.8,29.7801835
2436,2014-10-31,1171.6,29.826006999999997
2437,2014-10-30,1198.6,30.513359499999996
2438,2014-10-29,1224.9,31.182891750000003
2439,2014-10-28,1229.4,31.297450500000004
2440,2014-10-27,1229.3,31.29490475
2441,2014-10-24,1231.8,31.3585485
2442,2014-10-23,1229.1,31.289813249999995
2443,2014-10-22,1245.5,31.70731625
2444,2014-10-21,1251.7,31.86515275
2445,2014-10-20,1244.7,31.68695025
2446,2014-10-17,1239.0,31.5418425
2447,2014-10-16,1241.2,31.597849
2448,2014-10-15,1244.8,31.689496
2449,2014-10-14,1234.3,31.42219225
2450,2014-10-13,1230.0,31.312725
2451,2014-10-10,1221.7,31.10142775
2452,2014-10-09,1225.3,31.19307475
2453,2014-10-08,1206.0,30.701745
2454,2014-10-07,1212.4,30.864673000000003
2455,2014-10-06,1207.3,30.73483975
2456,2014-10-03,1192.9,30.368251750000002
2457,2014-10-02,1215.1,30.933408249999996
2458,2014-10-01,1215.5,30.94359125
2459,2014-09-30,1211.6,30.844306999999997
2460,2014-09-29,1218.8,31.027601
2461,2014-09-26,1215.4,30.941045500000005
2462,2014-09-25,1221.9,31.106519250000005
2463,2014-09-24,1219.5,31.04542125
2464,2014-09-23,1222.0,31.109065
2465,2014-09-22,1217.9,31.004689250000002
2466,2014-09-19,1216.6,30.971594499999995
2467,2014-09-18,1226.9,31.233806750000003
2468,2014-09-17,1235.9,31.462924250000004
2469,2014-09-16,1236.7,31.48329025
2470,2014-09-15,1235.1,31.442558249999998
2471,2014-09-12,1231.5,31.35091125
2472,2014-09-11,1239.0,31.5418425
2473,2014-09-10,1245.3,31.70222475
2474,2014-09-09,1248.5,31.78368875
2475,2014-09-08,1254.3,31.93134225
2476,2014-09-05,1267.3,32.26228975
2477,2014-09-04,1266.5,32.24192375
2478,2014-09-03,1270.3,32.33866225
2479,2014-09-02,1265.0,32.2037375
2480,2014-09-01,1287.4,32.7739855
2481,2014-08-29,1287.4,32.7739855
2482,2014-08-28,1290.4,32.85035800000001
2483,2014-08-27,1283.4,32.6721555
2484,2014-08-26,1285.2,32.717979
2485,2014-08-25,1278.9,32.55759675
2486,2014-08-22,1280.2,32.5906915
2487,2014-08-21,1275.4,32.4684955
2488,2014-08-20,1295.2,32.972554
2489,2014-08-19,1296.7,33.01074025
2490,2014-08-18,1299.3,33.07692975
2491,2014-08-15,1306.2,33.2525865
2492,2014-08-14,1315.7,33.49443275
2493,2014-08-13,1314.5,33.46388375
2494,2014-08-12,1310.6,33.3645995
2495,2014-08-11,1310.5,33.36205375
2496,2014-08-08,1311.0,33.3747825
2497,2014-08-07,1312.5,33.41296875
2498,2014-08-06,1308.2,33.3035015
2499,2014-08-05,1285.3,32.72052475
2500,2014-08-04,1288.9,32.812171750000005
2501,2014-08-01,1294.8,32.962371
2502,2014-07-31,1282.8,32.656881
2503,2014-07-30,1296.9,33.015831750000004
2504,2014-07-29,1300.5,33.10747875
2505,2014-07-28,1305.8,33.2424035
2506,2014-07-25,1305.3,33.22967475
2507,2014-07-24,1292.7,32.90891025
2508,2014-07-23,1306.5,33.26022375
2509,2014-07-22,1308.0,33.29841
2510,2014-07-21,1315.5,33.48934125
2511,2014-07-18,1309.4,33.334050500000004
2512,2014-07-17,1316.9,33.52498175
2513,2014-07-16,1299.8,33.0896585
2514,2014-07-15,1297.1,33.020923249999996
2515,2014-07-14,1306.7,33.26531525
2516,2014-07-11,1337.4,34.0468605
2517,2014-07-10,1339.2,34.092684
2518,2014-07-09,1324.3,33.71336725
2519,2014-07-08,1316.5,33.51479875
2520,2014-07-07,1317.0,33.5275275
2521,2014-07-04,1320.6,33.6191745
2522,2014-07-03,1320.6,33.6191745
2523,2014-07-02,1330.9,33.88138675
2524,2014-07-01,1326.6,33.7719195
2525,2014-06-30,1322.0,33.654815
2526,2014-06-27,1320.0,33.6039
2527,2014-06-26,1317.0,33.5275275
2528,2014-06-25,1322.6,33.6700895
2529,2014-06-24,1321.3,33.63699475
2530,2014-06-23,1318.4,33.563168
