Date,Close/Last,sell
2024-06-21,2331.2,71.55131861704257
2024-06-20,2369.0,72.71151072570946
2024-06-18,2346.9,72.0331973500074
2024-06-17,2329.0,71.48379420860165
2024-06-14,2349.1,72.10072175844832
2024-06-13,2318.0,71.14617216639701
2024-06-12,2354.8,72.2756713621362
2024-06-11,2326.6,71.4101312175752
2024-06-10,2327.0,71.42240838274627
2024-06-07,2325.0,71.36102255689087
2024-06-06,2390.9,73.38368551882598
2024-06-05,2375.5,72.91101465973948
2024-06-04,2347.4,72.04854380647124
2024-06-03,2369.3,72.72071859958777
2024-05-31,2345.8,71.99943514578695
2024-05-30,2366.5,72.63477844339022
2024-05-29,2341.2,71.85824774631952
2024-05-28,2356.5,72.32784931411328
2024-05-24,2334.5,71.65260522970398
2024-05-23,2337.2,71.73547609460874
2024-05-22,2392.9,73.44507134468137
2024-05-21,2425.9,74.4579374712953
2024-05-20,2438.5,74.84466817418426
2024-05-17,2417.4,74.1970477114099
2024-05-16,2385.5,73.21794378901643
2024-05-15,2394.9,73.50645717053676
2024-05-14,2359.9,72.43220521806744
2024-05-13,2343.0,71.91349498958938
2024-05-10,2375.0,72.89566820327562
2024-05-09,2340.3,71.83062412468462
2024-05-08,2322.3,71.27815169198611
2024-05-07,2324.2,71.33646822654872
2024-05-06,2331.2,71.55131861704257
2024-05-03,2308.6,70.85765878487668
2024-05-02,2309.6,70.88835169780438
2024-05-01,2311.0,70.93132177590316
2024-04-30,2302.9,70.68270918118883
2024-04-29,2357.7,72.36468080962649
2024-04-26,2347.2,72.0424052238857
2024-04-25,2342.5,71.89814853312554
2024-04-24,2338.4,71.77230759012198
2024-04-23,2342.1,71.88587136795446
2024-04-22,2346.4,72.01785089354354
2024-04-19,2413.8,74.0865532248702
2024-04-18,2398.0,73.60160520061261
2024-04-17,2388.4,73.30695323650673
2024-04-16,2407.8,73.90239574730403
2024-04-15,2383.0,73.14121150669718
2024-04-12,2374.1,72.8680445816407
2024-04-11,2372.7,72.82507450354191
2024-04-10,2348.4,72.07923671939893
2024-04-09,2362.4,72.50893750038666
2024-04-08,2351.0,72.15903829301095
2024-04-05,2345.4,71.98715798061585
2024-04-04,2308.5,70.8545894935839
2024-04-03,2315.0,71.05409342761394
2024-04-02,2281.8,70.03508871841446
2024-04-01,2257.1,69.27697376910038
2024-03-28,2238.4,68.70301629735249
2024-03-27,2212.7,67.91420843511072
2024-03-26,2177.2,66.82461002617755
2024-03-25,2176.4,66.8000556958354
2024-03-22,2160.0,66.2966919238212
2024-03-21,2184.7,67.05480687313525
2024-03-20,2161.0,66.32738483674889
2024-03-19,2159.7,66.28748404994288
2024-03-18,2164.3,66.4286714494103
2024-03-15,2161.5,66.34273129321274
2024-03-14,2167.5,66.52688877077891
2024-03-13,2180.8,66.93510451271726
2024-03-12,2166.1,66.48391869268015
2024-03-11,2188.6,67.17450923355328
2024-03-08,2185.5,67.07936120347742
2024-03-07,2165.2,66.4562950710452
2024-03-06,2158.2,66.24144468055134
2024-03-05,2141.9,65.74115019982992
2024-03-04,2126.3,65.26234075815789
2024-03-01,2095.7,64.3231376225704
2024-02-29,2054.7,63.06472819253491
2024-02-28,2042.7,62.696413237402574
2024-02-27,2044.1,62.73938331550135
2024-02-26,2038.9,62.57978016827734
2024-02-23,2049.4,62.902055754018136
2024-02-22,2030.7,62.32809828227024
2024-02-21,2034.3,62.43859276880994
2024-02-20,2039.8,62.60740378991226
2024-02-16,2024.1,62.125525056947446
2024-02-15,2014.9,61.84315025801265
2024-02-14,2004.3,61.51780538097909
2024-02-13,2007.2,61.6068148284694
2024-02-12,2033.0,62.39869198200393
2024-02-09,2038.7,62.573641585691796
2024-02-08,2047.9,62.85601638462659
2024-02-07,2051.7,62.97264945375183
2024-02-06,2051.4,62.963441579873525
2024-02-05,2042.9,62.702551819988116
2024-02-02,2053.7,63.03403527960722
2024-02-01,2071.1,63.56809196454912
2024-01-31,2067.4,63.454528186716644
2024-01-30,2050.9,62.94809512340967
2024-01-29,2025.4,62.16542584375345
2024-01-26,2017.3,61.91681324903912
2024-01-25,2017.8,61.932159705502976
2024-01-24,2016.0,61.87691246223312
2024-01-23,2025.8,62.17770300892453
2024-01-22,2022.2,62.06720852238483
2024-01-19,2029.3,62.285128204171464
2024-01-18,2021.6,62.04879277462821
2024-01-17,2006.5,61.585329789420015
2024-01-16,2030.2,62.31275182580639
2024-01-12,2051.6,62.96958016245906
2024-01-11,2019.2,61.975129783601744
2024-01-10,2027.8,62.23908883477992
2024-01-09,2033.0,62.39869198200393
2024-01-08,2033.5,62.414038438467784
2024-01-05,2049.8,62.91433291918922
2024-01-04,2050.0,62.92047150177475
2024-01-03,2042.8,62.69948252869534
2024-01-02,2073.4,63.63868566428281
2023-12-29,2071.8,63.589577003598514
2023-12-28,2083.5,63.94868408485253
2023-12-27,2093.1,64.24333604895841
2023-12-26,2069.8,63.528191177743125
2023-12-22,2069.1,63.50670613869373
2023-12-21,2051.3,62.96037228858076
2023-12-20,2047.7,62.84987780204106
2023-12-19,2052.1,62.98492661892291
2023-12-18,2040.5,62.62888882896165
2023-12-15,2035.7,62.48156284690871
2023-12-14,2044.9,62.763937645843505
2023-12-13,1997.3,61.30295499048522
2023-12-12,1993.2,61.17711404748167
2023-12-11,1993.7,61.19246050394552
2023-12-08,2014.5,61.83087309284158
2023-12-07,2046.4,62.80997701523504
2023-12-06,2047.9,62.85601638462659
2023-12-05,2036.3,62.49997859466533
2023-12-04,2042.2,62.68106678093873
2023-12-01,2089.7,64.13898014500424
2023-11-30,2057.2,63.14146047485414
2023-11-29,2067.1,63.445320312838334
2023-11-28,2040.0,62.6135423724978
2023-11-27,2012.4,61.76641797569342
2023-11-24,2003.0,61.47790459417308
2023-11-22,1992.8,61.1648368823106
2023-11-21,2001.6,61.434934516074314
2023-11-20,1980.3,60.7811754707144
2023-11-17,1984.7,60.916224287596265
2023-11-16,1987.3,60.996025861208274
2023-11-15,1964.3,60.29008886387129
2023-11-14,1966.5,60.357613272312214
2023-11-13,1950.2,59.857318791590785
2023-11-10,1937.7,59.4736573799946
2023-11-09,1969.8,60.45889988497361
2023-11-08,1957.8,60.09058492984127
2023-11-07,1973.5,60.57246366280608
2023-11-06,1988.6,61.035926648014275
2023-11-03,1999.2,61.36127152504785
2023-11-02,1993.5,61.186321921359976
2023-11-01,1987.5,61.00216444379381
2023-10-31,1994.3,61.21087625170214
2023-10-30,2005.6,61.55770616778509
2023-10-27,1998.5,61.33978648599846
2023-10-26,1997.4,61.306024281777994
2023-10-25,1994.9,61.22929199945875
2023-10-24,1986.1,60.95919436569503
2023-10-23,1987.8,61.01137231767212
2023-10-20,1994.4,61.21394554299491
2023-10-19,1980.5,60.78731405329995
2023-10-18,1968.3,60.41286051558207
2023-10-17,1935.7,59.41227155413921
2023-10-16,1934.3,59.36930147604044
2023-10-13,1941.5,59.59029044911984
2023-10-12,1883.0,57.79475504284968
2023-10-11,1887.3,57.926734568438775
2023-10-10,1875.3,57.558419613306434
2023-10-09,1864.3,57.220797571101784
2023-10-06,1845.2,56.63456293418282
2023-10-05,1831.8,56.2232779009517
2023-10-04,1834.8,56.31535663973478
2023-10-03,1841.5,56.52099915635034
2023-10-02,1847.2,56.695948760038206
2023-09-29,1866.1,57.27604481437164
2023-09-28,1878.6,57.659706225967824
2023-09-27,1890.9,58.037229054978475
2023-09-26,1919.8,58.924254238588865
2023-09-25,1936.6,59.43989517577413
2023-09-22,1945.6,59.716131392123394
2023-09-21,1939.6,59.53197391455722
2023-09-20,1967.1,60.376029020068835
2023-09-19,1953.7,59.964743986837725
2023-09-18,1953.4,59.955536112959415
2023-09-15,1946.2,59.73454713988001
2023-09-14,1932.8,59.32326210664889
2023-09-13,1932.5,59.31405423277059
2023-09-12,1935.1,59.3938558063826
2023-09-11,1947.2,59.765240052807705
2023-09-08,1942.7,59.627121944633075
2023-09-07,1942.5,59.62098336204754
2023-09-06,1944.2,59.67316131402462
2023-09-05,1952.6,59.93098178261726
2023-09-01,1967.1,60.376029020068835
2023-08-31,1965.9,60.3391975245556
2023-08-30,1973.0,60.557117206342234
2023-08-29,1965.1,60.314643194213446
2023-08-28,1946.8,59.75296288763663
2023-08-25,1939.9,59.54118178843553
2023-08-24,1947.1,59.76217076151493
2023-08-23,1948.1,59.79286367444263
2023-08-22,1926.0,59.114550298740575
2023-08-21,1923.0,59.02247155995748
2023-08-18,1916.5,58.82296762592747
2023-08-17,1915.2,58.78306683912146
2023-08-16,1928.3,59.18514399847427
2023-08-15,1935.2,59.396925097675364
2023-08-14,1944.0,59.667022731439076
2023-08-11,1946.6,59.746824305051085
2023-08-10,1948.9,59.817418004784784
2023-08-09,1950.6,59.86959595676187
2023-08-08,1959.9,60.155040046989434
2023-08-07,1970.0,60.465038467559154
2023-08-04,1939.6,59.53197391455722
2023-08-03,1932.0,59.29870777630674
2023-08-02,1937.4,59.464449506116296
2023-08-01,1940.7,59.565736118777686
2023-07-31,1970.5,60.48038492402299
2023-07-28,1960.4,60.17038650345328
2023-07-27,1945.7,59.719200683416155
2023-07-26,1970.1,60.468107758851914
2023-07-25,1963.7,60.27167311611467
2023-07-24,1962.2,60.22563374672313
2023-07-21,1966.6,60.36068256360499
2023-07-20,1970.9,60.49266208919408
2023-07-19,1980.4,60.78424476200718
2023-07-18,1980.8,60.796521927178254
2023-07-17,1956.4,60.0476148517425
2023-07-14,1964.4,60.29315815516406
2023-07-13,1963.8,60.27474240740744
2023-07-12,1961.7,60.21028729025928
2023-07-11,1937.1,59.455241632237986
2023-07-10,1931.0,59.268014863379044
2023-07-07,1932.5,59.31405423277059
2023-07-06,1915.4,58.789205421707
2023-07-05,1927.1,59.14831250296103
2023-07-03,1929.5,59.2219754939875
2023-06-30,1929.4,59.21890620269474
2023-06-29,1917.9,58.86593770402624
2023-06-28,1922.2,58.99791722961533
2023-06-27,1923.8,59.04702589029964
2023-06-26,1933.8,59.353955019576595
2023-06-23,1929.6,59.225044785280275
2023-06-22,1923.7,59.04395659900687
2023-06-21,1944.9,59.694646353074006
2023-06-20,1947.7,59.78058650927156
2023-06-16,1971.2,60.50186996307238
2023-06-15,1970.7,60.48652350660854
2023-06-14,1968.9,60.43127626333869
2023-06-13,1958.6,60.115139260183426
2023-06-12,1969.7,60.455830593680844
2023-06-09,1977.2,60.686027440638554
2023-06-08,1978.6,60.72899751873732
2023-06-07,1958.4,60.10900067759789
2023-06-06,1965.5,60.32692035938452
2023-06-05,1958.0,60.096723512426806
2023-06-02,1952.4,59.92484320003172
2023-06-01,1978.0,60.71058177098071
2023-05-31,1963.9,60.27781169870021
2023-05-30,1958.0,60.096723512426806
2023-05-26,1944.3,59.67623060531739
2023-05-25,1943.7,59.657814857560766
2023-05-24,1964.6,60.2992967377496
2023-05-23,1974.5,60.60315657573378
2023-05-22,1977.2,60.686027440638554
2023-05-19,1981.6,60.82107625752042
2023-05-18,1959.8,60.15197075569666
2023-05-17,1984.9,60.92236287018181
2023-05-16,1993.0,61.17097546489614
2023-05-15,2022.7,62.08255497884868
2023-05-12,2019.8,61.993545531358365
2023-05-11,2020.5,62.015030570407745
2023-05-10,2037.1,62.524532925007485
2023-05-09,2042.9,62.702551819988116
2023-05-08,2033.2,62.40483056458947
2023-05-05,2024.8,62.14701009599683
2023-05-04,2055.7,63.095421105462606
2023-05-03,2037.0,62.52146363371471
2023-05-02,2023.3,62.1009707266053
2023-05-01,1992.2,61.146421134553975
2023-04-28,1999.1,61.35820223375507
2023-04-27,1999.0,61.355132942462305
2023-04-26,1996.0,61.26305420367922
2023-04-25,2004.5,61.523943963564626
2023-04-24,1999.8,61.37968727280446
2023-04-21,1990.5,61.094243182576896
2023-04-20,2019.1,61.97206049230898
2023-04-19,2007.3,61.60988411976218
2023-04-18,2019.7,61.99047624006559
2023-04-17,2007.0,61.60067624588387
2023-04-14,2015.8,61.87077387964758
2023-04-13,2055.3,63.08314394029154
2023-04-12,2024.9,62.15007938728961
2023-04-11,2019.0,61.9689912010162
2023-04-10,2003.8,61.50245892451524
2023-04-06,2026.4,62.196118756681145
2023-04-05,2020.9,62.02730773557883
2023-04-04,2022.2,62.06720852238483
2023-04-03,1983.9,60.89166995725411
2023-03-31,1969.0,60.434345554631456
2023-03-30,1980.3,60.7811754707144
2023-03-29,1966.9,60.3698904374833
2023-03-28,1973.5,60.57246366280608
2023-03-27,1953.8,59.96781327813049
2023-03-24,1983.8,60.88860066596134
2023-03-23,1995.9,61.25998491238645
2023-03-22,1949.6,59.83890304383417
2023-03-21,1941.1,59.57801328394876
2023-03-20,1999.7,61.37661798151169
2023-03-17,1990.2,61.085035308698586
2023-03-16,1923.0,59.02247155995748
2023-03-15,1931.3,59.277222737257354
2023-03-14,1910.9,58.65108731353237
2023-03-13,1916.5,58.82296762592747
2023-03-10,1867.2,57.3098070185921
2023-03-09,1834.6,56.309218057149245
2023-03-08,1818.6,55.818131450306126
2023-03-07,1820.0,55.8611015284049
2023-03-06,1852.4,56.85555190726222
2023-03-03,1854.6,56.92307631570315
2023-03-02,1840.5,56.49030624342265
2023-03-01,1845.4,56.64070151676835
2023-02-28,1836.7,56.37367317429741
2023-02-27,1824.9,56.01149680175061
2023-02-24,1817.1,55.77209208091459
2023-02-23,1826.8,56.069813336313224
2023-02-22,1841.5,56.52099915635034
2023-02-21,1842.5,56.55169206927804
2023-02-17,1850.2,56.788027498821286
2023-02-16,1851.8,56.8371361595056
2023-02-15,1845.3,56.637632225475585
2023-02-14,1865.4,57.25455977532225
2023-02-13,1863.5,57.196243240759635
2023-02-10,1874.5,57.53386528296427
2023-02-09,1878.5,57.65663693467506
2023-02-08,1890.7,58.03109047239294
2023-02-07,1884.8,57.85000228611953
2023-02-06,1879.5,57.687329847602754
2023-02-03,1876.6,57.598320400112435
2023-02-02,1930.8,59.2618762807935
2023-02-01,1942.8,59.63019123592584
2023-01-31,1945.3,59.706923518245084
2023-01-30,1939.2,59.51969674938615
2023-01-27,1945.6,59.716131392123394
2023-01-26,1946.7,59.74989359634385
2023-01-25,1959.4,60.13969359052558
2023-01-24,1952.2,59.918704617446174
2023-01-23,1945.4,59.70999280953785
2023-01-20,1928.2,59.1820747071815
2023-01-19,1923.9,59.05009518159241
2023-01-18,1907.0,58.53138495311437
2023-01-17,1909.9,58.62039440060468
2023-01-13,1921.7,58.98257077315148
2023-01-12,1898.8,58.27970306710727
2023-01-11,1878.9,57.668914099846134
2023-01-10,1876.5,57.595251108819674
2023-01-09,1877.8,57.635151895625675
2023-01-06,1869.7,57.386539300911345
2023-01-05,1840.6,56.49337553471541
2023-01-04,1859.0,57.058125132585005
2023-01-03,1846.1,56.66218655581774
2022-12-30,1826.2,56.05139758855661
2022-12-29,1826.0,56.04525900597107
2022-12-28,1815.8,55.732191294108574
2022-12-27,1823.1,55.956249558480756
2022-12-23,1804.2,55.37615350414732
2022-12-22,1795.3,55.10298657909083
2022-12-21,1823.9,55.98080388882291
2022-12-20,1825.4,56.02684325821445
2022-12-19,1797.7,55.176649570117306
2022-12-16,1800.2,55.25338185243654
2022-12-15,1787.8,54.87278973213312
2022-12-14,1818.7,55.821200741598894
2022-12-13,1825.5,56.02991254950722
2022-12-12,1792.3,55.01090784030775
2022-12-09,1810.7,55.57565743817734
2022-12-08,1801.5,55.29328263924255
2022-12-07,1798.0,55.18585744399561
2022-12-06,1782.4,54.70704800232357
2022-12-05,1781.3,54.6732857981031
2022-12-02,1809.6,55.54189523395687
2022-12-01,1815.2,55.71377554635196
2022-11-30,1759.9,54.01645746145043
2022-11-29,1763.7,54.13309053057567
2022-11-28,1755.3,53.87527006198303
2022-11-25,1768.8,54.289624386506915
2022-11-23,1760.4,54.03180391791428
2022-11-22,1754.8,53.859923605519185
2022-11-21,1754.6,53.85378502293365
2022-11-18,1769.0,54.29576296909246
2022-11-17,1763.0,54.111605491526284
2022-11-16,1775.8,54.50447477700078
2022-11-15,1774.7,54.47071257278032
2022-11-14,1774.2,54.45536611631647
2022-11-11,1774.2,54.45536611631647
2022-11-10,1753.7,53.82616140129873
2022-11-09,1715.8,52.662900001339075
2022-11-08,1716.0,52.669038583924625
2022-11-07,1680.5,51.57944017499145
2022-11-04,1685.7,51.73904332221546
2022-11-03,1637.7,50.2657835016861
2022-11-02,1651.0,50.67399924362444
2022-11-01,1636.4,50.2258827148801
2022-10-31,1648.3,50.59112837871967
2022-10-28,1648.3,50.59112837871967
2022-10-27,1668.8,51.220333093737416
2022-10-26,1669.2,51.232610258908494
2022-10-25,1658.0,50.88884963411831
2022-10-24,1654.1,50.7691472737003
2022-10-21,1656.3,50.83667168214123
2022-10-20,1636.8,50.23815988005117
2022-10-19,1634.2,50.15835830643917
2022-10-18,1655.5,50.812117351799074
2022-10-17,1664.0,51.073007111684475
2022-10-14,1672.9,51.34617403674097
2022-10-13,1672.9,51.34617403674097
2022-10-12,1677.5,51.48736143620836
2022-10-11,1686.0,51.74825119609377
2022-10-10,1675.2,51.41676773647466
2022-10-07,1709.3,52.46339606730907
2022-10-06,1720.9,52.819433857270326
2022-10-05,1720.8,52.81636456597756
2022-10-04,1730.5,53.1140858213762
2022-10-03,1702.0,52.23933780293689
2022-09-30,1672.0,51.318550415106046
2022-09-29,1668.6,51.21419451115188
2022-09-28,1670.0,51.25716458925065
2022-09-27,1636.2,50.21974413229456
2022-09-26,1633.4,50.13380397609701
2022-09-23,1655.6,50.81518664309184
2022-09-22,1681.1,51.59785592274807
2022-09-21,1675.7,51.43211419293851
2022-09-20,1671.1,51.290926793471115
2022-09-19,1678.2,51.50884647525775
2022-09-16,1683.5,51.671518913774534
2022-09-15,1677.3,51.481222853622825
2022-09-14,1709.1,52.45725748472352
2022-09-13,1717.4,52.71200866202339
2022-09-12,1740.6,53.42408424194591
2022-09-09,1728.6,53.05576928681358
2022-09-08,1720.2,52.79794881822094
2022-09-07,1727.8,53.03121495647142
2022-09-06,1712.9,52.57389055384876
2022-09-02,1722.6,52.871611809247405
2022-09-01,1709.3,52.46339606730907
2022-08-31,1726.2,52.98210629578711
2022-08-30,1736.3,53.29210471635683
2022-08-29,1749.7,53.70338974958794
2022-08-26,1749.8,53.70645904088071
2022-08-25,1771.4,54.36942596011892
2022-08-24,1761.5,54.06556612213475
2022-08-23,1761.2,54.05635824825644
2022-08-22,1748.4,53.66348896278193
2022-08-19,1762.9,54.10853620023351
2022-08-18,1771.2,54.36328737753338
2022-08-17,1776.7,54.53209839863571
2022-08-16,1789.7,54.931106266695735
2022-08-15,1798.1,55.18892673528838
2022-08-12,1815.5,55.72298342023027
2022-08-11,1807.2,55.468232242930405
2022-08-10,1813.7,55.667736176960425
2022-08-09,1812.3,55.62476609886165
2022-08-08,1805.2,55.406846417075016
2022-08-05,1791.2,54.977145636087286
2022-08-04,1806.9,55.459024369052095
2022-08-03,1776.4,54.5228905247574
2022-08-02,1789.7,54.931106266695735
2022-08-01,1787.7,54.86972044084035
2022-07-29,1781.8,54.688632254566954
2022-07-28,1769.2,54.30190155167799
2022-07-27,1737.5,53.32893621187006
2022-07-26,1735.7,53.27368896860021
2022-07-25,1737.1,53.31665904669899
2022-07-22,1745.3,53.56834093270608
2022-07-21,1731.3,53.138640151718356
2022-07-20,1717.7,52.7212165359017
2022-07-19,1728.1,53.040422830349726
2022-07-18,1710.2,52.49101968894399
2022-07-15,1703.6,52.2884464636212
2022-07-14,1705.8,52.35597087206213
2022-07-13,1735.5,53.26755038601467
2022-07-12,1724.8,52.939136217688336
2022-07-11,1731.7,53.150917316889426
2022-07-08,1742.3,53.476262193923
2022-07-07,1739.7,53.39646062031099
2022-07-06,1736.5,53.29824329894237
2022-07-05,1763.9,54.139229113161214
2022-07-01,1801.5,55.29328263924255
2022-06-30,1807.3,55.47130153422318
2022-06-29,1817.5,55.78436924608566
2022-06-28,1821.2,55.897933023918135
2022-06-27,1824.8,56.008427510457835
2022-06-24,1830.3,56.17723853156016
2022-06-23,1829.8,56.16189207509631
2022-06-22,1838.4,56.42585112627449
2022-06-21,1838.8,56.438128291445565
2022-06-17,1840.6,56.49337553471541
2022-06-16,1849.9,56.77881962494298
2022-06-15,1819.6,55.84882436323382
2022-06-14,1813.5,55.66159759437488
2022-06-13,1831.8,56.2232779009517
2022-06-10,1875.5,57.56455819589197
2022-06-09,1852.8,56.867829072433295
2022-06-08,1856.5,56.98139285026576
2022-06-07,1852.1,56.84634403338391
2022-06-06,1843.7,56.58852356479127
2022-06-03,1850.2,56.788027498821286
2022-06-02,1871.4,57.438717252888424
2022-06-01,1848.7,56.74198812942974
2022-05-31,1848.4,56.73278025555143
2022-05-27,1857.3,57.005947180607926
2022-05-26,1853.9,56.90159127665376
2022-05-25,1852.5,56.858621198554985
2022-05-24,1871.4,57.438717252888424
2022-05-23,1853.9,56.90159127665376
2022-05-20,1848.4,56.73278025555143
2022-05-19,1847.8,56.71436450779482
2022-05-18,1822.4,55.93476451943137
2022-05-17,1818.9,55.827339324184436
2022-05-16,1814.0,55.676944050838735
2022-05-13,1808.2,55.498925155858096
2022-05-12,1824.6,56.0022889278723
2022-05-11,1853.7,56.895452694068226
2022-05-10,1841.0,56.5056526998865
2022-05-09,1858.6,57.04584796741393
2022-05-06,1882.8,57.788616460264144
2022-05-05,1875.7,57.57069677847751
2022-05-04,1868.8,57.358915679276414
2022-05-03,1870.6,57.41416292254627
2022-05-02,1863.6,57.1993125320524
2022-04-29,1911.7,58.675641643874535
2022-04-28,1891.3,58.04950622014955
2022-04-27,1888.7,57.96970464653755
2022-04-26,1904.1,58.44237550562405
2022-04-25,1896.0,58.19376291090972
2022-04-22,1934.3,59.36930147604044
2022-04-21,1948.2,59.795932965735396
2022-04-20,1955.6,60.02306052140034
2022-04-19,1959.0,60.127416425354504
2022-04-18,1986.4,60.968402239573344
2022-04-14,1974.9,60.615433740904855
2022-04-13,1984.7,60.916224287596265
2022-04-12,1976.1,60.65226523641809
2022-04-11,1948.2,59.795932965735396
2022-04-08,1945.6,59.716131392123394
2022-04-07,1937.8,59.47672667128737
2022-04-06,1923.1,59.025540851250256
2022-04-05,1927.5,59.16058966813211
2022-04-04,1934.0,59.36009360216213
2022-04-01,1923.7,59.04395659900687
2022-03-31,1954.0,59.97395186071603
2022-03-30,1939.0,59.5135581668006
2022-03-29,1918.0,58.86900699531901
2022-03-28,1944.7,59.688507770488464
2022-03-25,1959.8,60.15197075569666
2022-03-24,1967.7,60.394444767825455
2022-03-23,1942.6,59.62405265334031
2022-03-22,1926.7,59.136035337789956
2022-03-21,1934.8,59.384647932504286
2022-03-18,1933.9,59.357024310869356
2022-03-17,1948.2,59.795932965735396
2022-03-16,1909.2,58.59890936155529
2022-03-15,1929.7,59.22811407657304
2022-03-14,1960.8,60.18266366862436
2022-03-11,1985.0,60.925432161474575
2022-03-10,2000.4,61.398103020561074
2022-03-09,1988.2,61.0236494828432
2022-03-08,2043.3,62.714828985159194
2022-03-07,1995.9,61.25998491238645
2022-03-04,1966.6,60.36068256360499
2022-03-03,1935.9,59.418410136724745
2022-03-02,1922.3,59.00098652090809
2022-03-01,1943.8,59.66088414885354
2022-02-28,1900.7,58.338019601669885
2022-02-25,1887.6,57.935942442317085
2022-02-24,1926.3,59.12375817261888
2022-02-23,1910.4,58.635740857068534
2022-02-22,1907.4,58.54366211828544
2022-02-18,1899.8,58.31039598003496
2022-02-17,1902.0,58.377920388475886
2022-02-16,1871.5,57.44178654418119
2022-02-15,1856.2,56.97218497638745
2022-02-14,1869.4,57.37733142703303
2022-02-11,1842.1,56.53941490410696
2022-02-10,1837.4,56.3951582133468
2022-02-09,1836.6,56.370603883004634
2022-02-08,1827.9,56.10357554053369
2022-02-07,1821.8,55.916348771674755
2022-02-04,1807.8,55.48664799068702
2022-02-03,1804.1,55.37308421285455
2022-02-02,1810.3,55.56338027300626
2022-02-01,1801.5,55.29328263924255
2022-01-31,1796.4,55.1367487833113
2022-01-28,1786.6,54.83595823661989
2022-01-27,1795.0,55.09377870521253
2022-01-26,1832.0,56.22941648353724
2022-01-25,1855.0,56.93535348087423
2022-01-24,1844.2,56.60387002125512
2022-01-21,1834.1,56.2938716006854
2022-01-20,1844.9,56.62535506030451
2022-01-19,1845.5,56.64377080806112
2022-01-18,1812.4,55.627835390154424
2022-01-14,1816.5,55.75367633315796
2022-01-13,1821.4,55.90407160650367
2022-01-12,1827.3,56.08515979277708
2022-01-11,1818.5,55.81506215901336
2022-01-10,1798.8,55.21041177433777
2022-01-07,1797.4,55.167441696238996
2022-01-06,1789.2,54.9157598102319
2022-01-05,1825.1,56.017635384336145
2022-01-04,1814.6,55.69535979859535
2022-01-03,1800.1,55.25031256114377
2021-12-31,1828.6,56.12506057958308
2021-12-30,1814.1,55.6800133421315
2021-12-29,1805.8,55.42526216483163
2021-12-28,1810.9,55.58179602076287
2021-12-27,1808.8,55.517340903614716
2021-12-23,1811.7,55.606350351105036
2021-12-22,1802.2,55.31476767829193
2021-12-21,1788.7,54.900413353768045
2021-12-20,1794.6,55.081501540041444
2021-12-17,1804.9,55.397638543196706
2021-12-16,1798.2,55.191996026581144
2021-12-15,1764.5,54.15764486091783
2021-12-14,1772.3,54.39704958175385
2021-12-13,1788.3,54.888136188596974
2021-12-10,1784.8,54.780710993350034
2021-12-09,1776.7,54.53209839863571
2021-12-08,1785.5,54.80219603239942
2021-12-07,1784.7,54.77764170205727
2021-12-06,1779.5,54.618038554833255
2021-12-03,1783.9,54.75308737171511
2021-12-02,1762.7,54.10239761764797
2021-12-01,1784.3,54.76536453688619
2021-11-30,1776.5,54.52595981605016
2021-11-29,1785.2,54.79298815852112
2021-11-26,1788.1,54.88199760601143
2021-11-24,1786.9,54.8451661104982
2021-11-23,1786.3,54.82675036274158
2021-11-22,1809.1,55.52654877749302
2021-11-19,1854.3,56.91386844182484
2021-11-18,1864.0,57.211589697223474
2021-11-17,1872.8,57.48168733098719
2021-11-16,1854.1,56.9077298592393
2021-11-15,1866.6,57.29139127083549
2021-11-12,1868.5,57.349707805398104
2021-11-11,1863.9,57.20852040593071
2021-11-10,1848.3,56.72971096425867
2021-11-09,1830.8,56.192584988024
2021-11-08,1828.0,56.106644831826465
2021-11-05,1816.8,55.76288420703628
2021-11-04,1793.5,55.04773933582098
2021-11-03,1763.9,54.139229113161214
2021-11-02,1789.4,54.92189839281743
2021-11-01,1795.8,55.11833303555468
2021-10-29,1783.9,54.75308737171511
2021-10-28,1802.6,55.32704484346301
2021-10-27,1798.8,55.21041177433777
2021-10-26,1793.4,55.04467004452822
2021-10-25,1806.8,55.45595507775933
2021-10-22,1796.3,55.13367949201853
2021-10-21,1781.9,54.691701545859715
2021-10-20,1784.9,54.78378028464281
2021-10-19,1770.5,54.341802338483994
2021-10-18,1765.7,54.19447635643106
2021-10-15,1768.3,54.27427793004307
2021-10-14,1797.9,55.18278815270284
2021-10-13,1794.7,55.08457083133422
2021-10-12,1759.3,53.998041713693816
2021-10-11,1755.7,53.887547227154116
2021-10-08,1757.4,53.939725179131194
2021-10-07,1759.2,53.99497242240104
2021-10-06,1761.8,54.07477399601305
2021-10-05,1760.9,54.04715037437812
2021-10-04,1767.6,54.25279289099368
2021-10-01,1758.4,53.97041809205889
2021-09-30,1757.0,53.92744801396012
2021-09-29,1722.9,52.880819683125715
2021-09-28,1737.5,53.32893621187006
2021-09-27,1752.0,53.77398344932164
2021-09-24,1751.7,53.76477557544334
2021-09-23,1749.8,53.70645904088071
2021-09-22,1778.8,54.59655351578387
2021-09-21,1778.2,54.57813776802725
2021-09-20,1763.8,54.13615982186844
2021-09-17,1751.4,53.75556770156502
2021-09-16,1756.7,53.91824014008181
2021-09-15,1794.8,55.08764012262698
2021-09-14,1807.1,55.46516295163763
2021-09-13,1794.4,55.07536295745591
2021-09-10,1792.1,55.00476925772221
2021-09-09,1800.0,55.247243269851
2021-09-08,1793.5,55.04773933582098
2021-09-07,1798.5,55.20120390045946
2021-09-03,1833.7,56.28159443551432
2021-09-02,1811.5,55.60021176851949
2021-09-01,1816.0,55.738329876694124
2021-08-31,1818.1,55.80278499384228
2021-08-30,1812.2,55.62169680756888
2021-08-27,1819.5,55.845755071941056
2021-08-26,1795.2,55.099917287798064
2021-08-25,1791.0,54.97100705350175
2021-08-24,1808.5,55.508133029736406
2021-08-23,1806.3,55.44060862129548
2021-08-20,1784.0,54.75615666300788
2021-08-19,1783.1,54.728533041372955
2021-08-18,1784.4,54.768433828178956
2021-08-17,1787.8,54.87278973213312
2021-08-16,1789.8,54.93417555798851
2021-08-13,1778.2,54.57813776802725
2021-08-12,1751.8,53.7678448667361
2021-08-11,1753.3,53.81388423612764
2021-08-10,1731.7,53.150917316889426
2021-08-09,1726.5,52.991314169665415
2021-08-06,1763.1,54.11467478281906
2021-08-05,1808.9,55.520410194907484
2021-08-04,1814.5,55.69229050730257
2021-08-03,1814.1,55.6800133421315
2021-08-02,1822.2,55.92862593684583
2021-07-30,1817.2,55.77516137220735
2021-07-29,1835.8,56.346049552662485
2021-07-28,1804.6,55.3884306693184
2021-07-27,1804.0,55.370014921561776
2021-07-26,1803.4,55.35159917380516
2021-07-23,1805.9,55.428331456124404
2021-07-22,1809.2,55.529618068785794
2021-07-21,1807.4,55.47437082551594
2021-07-20,1811.4,55.59714247722672
2021-07-19,1809.2,55.529618068785794
2021-07-16,1815.0,55.707636963766426
2021-07-15,1829.0,56.137337744754156
2021-07-14,1825.0,56.01456609304337
2021-07-13,1809.9,55.55110310783518
2021-07-12,1805.9,55.428331456124404
2021-07-09,1810.6,55.57258814688457
2021-07-08,1800.2,55.25338185243654
2021-07-07,1802.1,55.31169838699916
2021-07-06,1794.2,55.069224374870366
2021-07-02,1783.3,54.73467162395849
2021-07-01,1776.8,54.53516768992848
2021-06-30,1771.6,54.37556454270446
2021-06-29,1763.6,54.1300212392829
2021-06-28,1780.7,54.65487005034649
2021-06-25,1777.8,54.565860602856176
2021-06-24,1776.7,54.53209839863571
2021-06-23,1783.4,54.737740915251266
2021-06-22,1777.4,54.55358343768509
2021-06-21,1782.9,54.72239445878742
2021-06-18,1769.0,54.29576296909246
2021-06-17,1774.8,54.47378186407308
2021-06-16,1861.4,57.13178812361147
2021-06-15,1856.4,56.978323558973
2021-06-14,1865.9,57.2699062317861
2021-06-11,1879.6,57.69039913889552
2021-06-10,1896.4,58.2060400760808
2021-06-09,1895.5,58.178416454445866
2021-06-08,1894.4,58.14465425022541
2021-06-07,1898.8,58.27970306710727
2021-06-04,1892.0,58.07099125919894
2021-06-03,1873.3,57.497033787451045
2021-06-02,1909.9,58.62039440060468
2021-06-01,1905.0,58.46999912725897
2021-05-28,1905.3,58.47920700113728
2021-05-27,1898.5,58.27049519322896
2021-05-26,1903.8,58.43316763174574
2021-05-25,1900.5,58.33188101908435
2021-05-24,1886.7,57.908318820682155
2021-05-21,1878.9,57.668914099846134
2021-05-20,1883.9,57.82237866448461
2021-05-19,1881.5,57.74871567345814
2021-05-18,1868.0,57.334361348934266
2021-05-17,1867.6,57.32208418376318
2021-05-14,1838.1,56.416643252396184
2021-05-13,1824.0,55.98387318011568
2021-05-12,1822.8,55.947041684602446
2021-05-11,1836.1,56.355257426540796
2021-05-10,1837.6,56.40129679593233
2021-05-07,1831.3,56.207931444487855
2021-05-06,1815.7,55.729122002815814
2021-05-05,1784.3,54.76536453688619
2021-05-04,1776.0,54.51061335958632
2021-05-03,1791.8,54.9955613838439
2021-04-30,1767.7,54.25586218228645
2021-04-29,1768.3,54.27427793004307
2021-04-28,1773.9,54.44615824243816
2021-04-27,1778.8,54.59655351578387
2021-04-26,1780.1,54.63645430258987
2021-04-23,1777.8,54.565860602856176
2021-04-22,1782.0,54.69477083715249
2021-04-21,1793.1,55.0354621706499
2021-04-20,1778.4,54.58427635061279
2021-04-19,1770.6,54.34487162977677
2021-04-16,1780.2,54.639523593882636
2021-04-15,1766.8,54.228238560651526
2021-04-14,1736.3,53.29210471635683
2021-04-13,1747.6,53.638934632439785
2021-04-12,1732.7,53.18161022981713
2021-04-09,1744.8,53.55299447624224
2021-04-08,1758.2,53.96427950947334
2021-04-07,1741.6,53.45477715487361
2021-04-06,1743.0,53.49774723297239
2021-04-05,1728.8,53.061907869399114
2021-04-01,1728.4,53.049630704228036
2021-03-31,1715.6,52.65676141875354
2021-03-30,1686.0,51.74825119609377
2021-03-29,1714.6,52.62606850582585
2021-03-26,1734.7,53.24299605567252
2021-03-25,1727.3,53.01586850000757
2021-03-24,1735.5,53.26755038601467
2021-03-23,1727.5,53.02200708259311
2021-03-22,1740.4,53.41794565936038
2021-03-19,1743.9,53.52537085460732
2021-03-18,1734.6,53.239926764379746
2021-03-17,1727.1,53.009729917422035
2021-03-16,1730.9,53.12636298654728
2021-03-15,1729.2,53.07418503457019
2021-03-12,1719.8,52.78567165304987
2021-03-11,1722.6,52.871611809247405
2021-03-10,1721.8,52.847057478905256
2021-03-09,1716.9,52.69666220555954
2021-03-08,1678.0,51.50270789267221
2021-03-05,1698.5,52.131912607689955
2021-03-04,1700.7,52.19943701613089
2021-03-03,1715.8,52.662900001339075
2021-03-02,1733.6,53.209233851452055
2021-03-01,1723.0,52.88388897441848
2021-02-26,1728.8,53.061907869399114
2021-02-25,1775.4,54.4921976118297
2021-02-24,1797.9,55.18278815270284
2021-02-23,1805.9,55.428331456124404
2021-02-22,1808.4,55.50506373844364
2021-02-19,1777.4,54.55358343768509
2021-02-18,1775.0,54.479920446658625
2021-02-17,1772.8,54.41239603821769
2021-02-16,1799.0,55.21655035692331
2021-02-12,1823.2,55.959318849773524
2021-02-11,1826.8,56.069813336313224
2021-02-10,1842.7,56.557830651863576
2021-02-09,1837.5,56.398227504639564
2021-02-08,1834.2,56.29694089197817
2021-02-05,1813.0,55.64625113791104
2021-02-04,1791.2,54.977145636087286
2021-02-03,1835.1,56.3245645136131
2021-02-02,1833.4,56.27238656163602
2021-02-01,1863.9,57.20852040593071
2021-01-29,1850.3,56.79109679011406
2021-01-28,1841.2,56.51179128247204
2021-01-27,1848.9,56.748126712015285
2021-01-26,1854.8,56.929214898288684
2021-01-25,1859.0,57.058125132585005
2021-01-22,1859.9,57.08574875421993
2021-01-21,1869.3,57.37426213574027
2021-01-20,1870.2,57.40188575737519
2021-01-19,1840.2,56.48109836954434
2021-01-15,1829.9,56.16496136638908
2021-01-14,1851.4,56.82485899433453
2021-01-13,1854.9,56.93228418958145
2021-01-12,1844.2,56.60387002125512
2021-01-11,1850.8,56.806443246577906
2021-01-08,1835.4,56.33377238749141
2021-01-07,1913.6,58.73395817843715
2021-01-06,1908.6,58.58049361379868
2021-01-05,1954.4,59.98622902588711
2021-01-04,1946.6,59.746824305051085
2020-12-31,1895.1,58.166139289274795
2020-12-30,1893.4,58.11396133729772
2020-12-29,1882.9,57.79168575155692
2020-12-28,1880.4,57.71495346923768
2020-12-24,1883.2,57.80089362543522
2020-12-23,1878.1,57.64435976950398
2020-12-22,1870.3,57.40495504866796
2020-12-21,1882.8,57.788616460264144
2020-12-18,1888.9,57.975843229123086
2020-12-17,1890.4,58.02188259851463
2020-12-16,1859.1,57.06119442387777
2020-12-15,1855.3,56.94456135475253
2020-12-14,1832.1,56.23248577483
2020-12-11,1843.6,56.585454273498506
2020-12-10,1837.4,56.3951582133468
2020-12-09,1838.5,56.42892041756726
2020-12-08,1874.9,57.546142448135356
2020-12-07,1866.0,57.27297552307887
2020-12-04,1840.0,56.4749597869588
2020-12-03,1841.1,56.508721991179264
2020-12-02,1830.2,56.17416924026739
2020-12-01,1818.9,55.827339324184436
2020-11-30,1780.9,54.661008632932024
2020-11-27,1788.1,54.88199760601143
2020-11-25,1811.2,55.59100389464118
2020-11-24,1810.9,55.58179602076287
2020-11-23,1844.1,56.60080072996235
2020-11-20,1872.4,57.46941016581612
2020-11-19,1861.5,57.134857414904246
2020-11-18,1873.9,57.51544953520766
2020-11-17,1885.1,57.85921015999784
2020-11-16,1887.8,57.94208102490262
2020-11-13,1886.2,57.89297236421831
2020-11-12,1873.3,57.497033787451045
2020-11-11,1861.6,57.13792670619701
2020-11-10,1876.4,57.5921818175269
2020-11-09,1854.4,56.916937733117614
2020-11-06,1951.7,59.903358160982336
2020-11-05,1946.8,59.75296288763663
2020-11-04,1896.2,58.199901493495254
2020-11-03,1910.4,58.635740857068534
2020-11-02,1892.5,58.086337715662786
2020-10-30,1879.9,57.699607012773825
2020-10-29,1868.0,57.334361348934266
2020-10-28,1879.2,57.678121973724444
2020-10-27,1911.9,58.68178022646007
2020-10-26,1905.7,58.49148416630836
2020-10-23,1905.2,58.476137709844515
2020-10-22,1904.6,58.4577219620879
2020-10-21,1929.5,59.2219754939875
2020-10-20,1915.4,58.789205421707
2020-10-19,1911.7,58.675641643874535
2020-10-16,1906.4,58.51296920535775
2020-10-15,1908.9,58.58970148767698
2020-10-14,1907.3,58.54059282699268
2020-10-13,1894.6,58.15079283281094
2020-10-12,1928.9,59.20355974623089
2020-10-09,1926.2,59.12068888132611
2020-10-08,1895.1,58.166139289274795
2020-10-07,1890.8,58.0341597636857
2020-10-06,1908.8,58.586632196384215
2020-10-05,1920.1,58.93346211246717
2020-10-02,1907.6,58.54980070087098
2020-10-01,1916.3,58.816829043341926
2020-09-30,1895.5,58.178416454445866
2020-09-29,1903.2,58.414751883989126
2020-09-28,1882.3,57.77327000380029
2020-09-25,1866.3,57.28218339695718
2020-09-24,1876.9,57.607528273990745
2020-09-23,1868.4,57.34663851410534
2020-09-22,1907.6,58.54980070087098
2020-09-21,1910.6,58.64187943965407
2020-09-18,1962.1,60.22256445543036
2020-09-17,1949.9,59.84811091771248
2020-09-16,1970.5,60.48038492402299
2020-09-15,1966.2,60.34840539843391
2020-09-14,1963.7,60.27167311611467
2020-09-11,1947.9,59.78672509185709
2020-09-10,1964.3,60.29008886387129
2020-09-09,1954.9,60.00157548235095
2020-09-08,1943.2,59.64246840109693
2020-09-04,1934.3,59.36930147604044
2020-09-03,1937.8,59.47672667128737
2020-09-02,1944.7,59.688507770488464
2020-09-01,1978.9,60.73820539261564
2020-08-31,1978.6,60.72899751873732
2020-08-28,1974.9,60.615433740904855
2020-08-27,1932.6,59.317123524063355
2020-08-26,1952.5,59.927912491324484
2020-08-25,1923.1,59.025540851250256
2020-08-24,1939.2,59.51969674938615
2020-08-21,1947.0,59.75910147022217
2020-08-20,1946.5,59.74375501375832
2020-08-19,1970.3,60.47424634143746
2020-08-18,2013.1,61.78790301474281
2020-08-17,1998.7,61.345925068583995
2020-08-14,1949.8,59.84504162641971
2020-08-13,1970.4,60.47731563273023
2020-08-12,1949.0,59.82048729607756
2020-08-11,1946.3,59.73761643117278
2020-08-10,2039.7,62.60433449861949
2020-08-07,2028.0,62.24522741736546
2020-08-06,2069.4,63.51591401257203
2020-08-05,2049.3,62.89898646272537
2020-08-04,2021.0,62.03037702687159
2020-08-03,1986.3,60.96533294828058
2020-07-31,1985.9,60.9530557831095
2020-07-30,1966.8,60.366821146190524
2020-07-29,1976.7,60.67068098417471
2020-07-28,1963.9,60.27781169870021
2020-07-27,1955.4,60.016921938814804
2020-07-24,1897.5,58.23980228030126
2020-07-23,1890.0,58.00960543334355
2020-07-22,1865.1,57.24535190144395
2020-07-21,1843.9,56.594662147376816
2020-07-20,1817.4,55.78129995479289
2020-07-17,1810.0,55.55417239912795
2020-07-16,1800.3,55.25645114372931
2020-07-15,1813.8,55.670805468253185
2020-07-14,1813.4,55.658528303082115
2020-07-13,1814.1,55.6800133421315
2020-07-10,1801.9,55.30555980441362
2020-07-09,1803.8,55.36387633897624
2020-07-08,1820.6,55.879517276161515
2020-07-07,1809.9,55.55110310783518
2020-07-06,1793.5,55.04773933582098
2020-07-02,1790.0,54.94031414057405
2020-07-01,1779.9,54.630315720004326
2020-06-30,1800.5,55.26258972631485
2020-06-29,1781.2,54.670216506810334
2020-06-26,1780.3,54.642592885175404
2020-06-25,1770.6,54.34487162977677
2020-06-24,1775.1,54.4829897379514
2020-06-23,1782.0,54.69477083715249
2020-06-22,1766.4,54.21596139548045
2020-06-19,1753.0,53.80467636224934
2020-06-18,1731.1,53.13250156913281
2020-06-17,1735.6,53.270619677307444
2020-06-16,1736.5,53.29824329894237
2020-06-15,1727.2,53.0127992087148
2020-06-12,1737.3,53.32279762928452
2020-06-11,1739.8,53.399529911603764
2020-06-10,1720.7,52.81329527468478
2020-06-09,1721.9,52.85012677019802
2020-06-08,1705.1,52.33448583301274
2020-06-05,1683.0,51.65617245731068
2020-06-04,1727.4,53.01893779130034
2020-06-03,1704.8,52.32527795913444
2020-06-02,1734.0,53.22151101662313
2020-06-01,1750.3,53.72180549734456
2020-05-29,1736.9,53.310520464113445
2020-05-28,1728.3,53.04656141293527
2020-05-27,1726.8,53.000522043543725
2020-05-26,1728.2,53.0434921216425
2020-05-22,1734.6,53.239926764379746
2020-05-21,1721.9,52.85012677019802
2020-05-20,1750.6,53.73101337122287
2020-05-19,1745.6,53.577548806584396
2020-05-18,1734.4,53.23378818179421
2020-05-15,1753.4,53.81695352742042
2020-05-14,1740.9,53.43329211582422
2020-05-13,1716.4,52.6813157490957
2020-05-12,1706.8,52.38666378498983
2020-05-11,1698.0,52.11656615122611
2020-05-08,1709.9,52.48181181506568
2020-05-07,1725.8,52.969829130616034
2020-05-06,1688.5,51.82498347841301
2020-05-05,1710.6,52.50329685411507
2020-05-04,1713.3,52.58616771901985
2020-05-01,1694.5,52.00914095597918
2020-04-30,1694.2,51.99993308210087
2020-04-29,1703.4,52.28230788103566
2020-04-28,1722.2,52.859334644076334
2020-04-27,1723.8,52.908443304760645
2020-04-24,1723.5,52.899235430882335
2020-04-23,1745.4,53.57141022399885
2020-04-22,1738.3,53.35349054221222
2020-04-21,1687.8,51.80349843936362
2020-04-20,1711.2,52.521712601871684
2020-04-17,1689.2,51.8464685174624
2020-04-16,1731.7,53.150917316889426
2020-04-15,1740.2,53.411807076774835
2020-04-14,1768.9,54.29269367779969
2020-04-13,1744.8,53.55299447624224
2020-04-09,1736.2,53.28903542506406
2020-04-08,1684.3,51.69607324411669
2020-04-07,1683.7,51.67765749636007
2020-04-06,1677.0,51.472014979744515
2020-04-03,1633.7,50.143011849975316
2020-04-02,1637.7,50.2657835016861
2020-04-01,1591.4,48.84470163313382
2020-03-31,1583.4,48.59915832971227
2020-03-30,1643.2,50.43459452278842
2020-03-27,1623.9,49.84222130328391
2020-03-26,1660.3,50.95944333385201
2020-03-25,1634.3,50.161427597731944
2020-03-24,1660.2,50.95637404255923
2020-03-23,1572.7,48.27074416138592
2020-03-20,1484.0,45.54828278469938
2020-03-19,1479.3,45.404026093939216
2020-03-18,1477.9,45.36105601584044
2020-03-17,1524.9,46.803622923442106
2020-03-16,1486.5,45.62501506701862
2020-03-13,1516.7,46.551941037435
2020-03-12,1590.3,48.81093942891336
2020-03-11,1642.3,50.4069709011535
2020-03-10,1659.1,50.922611838338774
2020-03-09,1675.7,51.43211419293851
2020-03-06,1672.4,51.330827580277116
2020-03-05,1666.4,51.14667010271095
2020-03-04,1643.0,50.42845594020289
2020-03-03,1642.1,50.400832318567964
2020-03-02,1592.3,48.872325254768754
2020-02-28,1564.1,48.00678511020775
2020-02-27,1642.5,50.41310948373904
2020-02-26,1643.1,50.431525231495655
2020-02-25,1650.0,50.643306330696745
2020-02-24,1676.6,51.45973781457344
2020-02-21,1644.6,50.47756460088719
2020-02-20,1620.5,49.73786539932974
2020-02-19,1611.8,49.4708370568588
2020-02-18,1600.0,49.108660684312
2020-02-14,1582.7,48.57767329066288
2020-02-13,1578.8,48.45797093024486
2020-02-12,1571.6,48.23698195716546
2020-02-11,1565.6,48.05282447959929
2020-02-10,1579.5,48.47945596929425
2020-02-07,1568.6,48.144903218382375
2020-02-06,1570.0,48.18787329648115
2020-02-05,1562.8,47.96688432340175
2020-02-04,1555.5,47.742826059029575
2020-02-03,1582.4,48.56846541678457
2020-01-31,1582.9,48.583811873248415
2020-01-30,1589.2,48.7771772246929
2020-01-29,1576.0,48.372030774047325
2020-01-28,1575.8,48.36589219146178
2020-01-27,1583.7,48.60836620359057
2020-01-24,1571.1,48.221635500701616
2020-01-23,1571.6,48.23698195716546
2020-01-22,1556.7,47.77965755454281
2020-01-21,1556.4,47.77044968066449
2020-01-17,1558.8,47.844112671690965
2020-01-16,1550.5,47.5893614943911
2020-01-15,1554.0,47.69678668963803
2020-01-14,1544.6,47.40827330811769
2020-01-13,1550.6,47.592430785683874
2020-01-10,1557.5,47.804211884884964
2020-01-09,1554.3,47.70599456351634
2020-01-08,1560.2,47.887082749789734
2020-01-07,1574.3,48.31985282207024
2020-01-06,1568.8,48.15104180096792
2020-01-03,1549.2,47.5494607075851
2020-01-02,1528.1,46.90184024481073
2019-12-31,1519.5,46.63788119363255
2019-12-30,1518.6,46.61025757199763
2019-12-27,1518.1,46.594911115533776
2019-12-26,1514.4,46.48134733770131
2019-12-24,1499.1,46.01174576990757
2019-12-23,1488.7,45.69253947545955
2019-12-20,1474.7,45.26283869447181
2019-12-19,1478.2,45.37026388971875
2019-12-18,1478.7,45.3856103461826
2019-12-17,1480.6,45.44392688074522
2019-12-16,1480.5,45.44085758945245
2019-12-13,1475.6,45.29046231610674
2019-12-12,1472.3,45.18917570344534
2019-12-11,1475.0,45.27204656835012
2019-12-10,1462.6,44.89145444804671
2019-12-09,1464.9,44.9620481477804
2019-12-06,1459.1,44.78402925279977
2019-12-05,1483.1,45.52065916306446
2019-12-04,1480.2,45.43164971557414
2019-12-03,1478.2,45.37026388971875
2019-12-02,1469.2,45.094027673369496
2019-11-29,1472.7,45.20145286861642
2019-11-27,1453.4,44.60907964911191
2019-11-26,1467.4,45.03878043009964
2019-11-25,1463.8,44.928285943559935
2019-11-22,1468.8,45.08175050819842
2019-11-21,1470.5,45.1339284601755
2019-11-20,1470.0,45.11858200371165
2019-11-19,1473.3,45.21986861637304
2019-11-18,1471.9,45.17689853827427
2019-11-15,1467.3,45.035711138806874
2019-11-14,1473.4,45.22293790766581
2019-11-13,1463.3,44.9129394870961
2019-11-12,1452.1,44.56917886230591
2019-11-11,1457.1,44.72264342694438
2019-11-08,1461.3,44.85155366124071
2019-11-07,1464.2,44.94056310873102
2019-11-06,1493.1,45.8275882923414
2019-11-05,1483.7,45.53907491082107
2019-11-04,1511.1,46.38006072503991
2019-11-01,1508.0,46.284912694964056
2019-10-31,1514.8,46.493624502872386
2019-10-30,1493.2,45.83065758363418
2019-10-29,1490.7,45.753925301314936
2019-10-28,1495.8,45.91045915724618
2019-10-25,1499.5,46.02402293507865
2019-10-24,1504.7,46.183626082302666
2019-10-23,1495.7,45.907389865953405
2019-10-22,1487.5,45.655707979946314
2019-10-21,1488.1,45.67412372770293
2019-10-18,1488.2,45.6771930189957
2019-10-17,1498.3,45.98719143956542
2019-10-16,1494.0,45.855211913976326
2019-10-15,1483.5,45.53293632823553
2019-10-14,1497.6,45.965706400516034
2019-10-11,1488.7,45.69253947545955
2019-10-10,1500.9,46.066993013177424
2019-10-09,1512.8,46.432238677017
2019-10-08,1497.2,45.953429235344956
2019-10-07,1504.4,46.174418208424356
2019-10-04,1506.2,46.2296654516942
2019-10-03,1513.8,46.46293158994469
2019-10-02,1501.0,46.0700623044702
2019-10-01,1489.0,45.70174734933785
2019-09-30,1472.9,45.20759145120197
2019-09-27,1506.4,46.23580403427975
2019-09-26,1515.2,46.505901668043464
2019-09-25,1512.3,46.416892220553144
2019-09-24,1532.1,47.024611896521506
2019-09-23,1531.5,47.00619614876489
2019-09-20,1507.3,46.26342765591467
2019-09-19,1506.2,46.2296654516942
2019-09-18,1515.8,46.52431741580008
2019-09-17,1513.4,46.45065442477361
2019-09-16,1503.1,46.134517421618355
2019-09-13,1490.9,45.76006388390048
2019-09-12,1507.4,46.26649694720744
2019-09-11,1503.2,46.13758671291112
2019-09-10,1499.2,46.014815061200345
2019-09-09,1511.1,46.38006072503991
2019-09-06,1506.2,46.2296654516942
2019-09-05,1525.5,46.822038671198726
2019-09-04,1560.4,47.89322133237528
2019-09-03,1555.9,47.75510322420065
2019-08-30,1529.2,46.935602449031194
2019-08-29,1536.9,47.17193787857445
2019-08-28,1549.1,47.54639141629232
2019-08-27,1551.8,47.6292622811971
2019-08-26,1537.2,47.18114575245276
2019-08-23,1537.6,47.193422917623835
2019-08-22,1497.3,45.95649852663772
2019-08-21,1515.7,46.52124812450731
2019-08-20,1515.7,46.52124812450731
2019-08-19,1511.6,46.395407181503764
2019-08-16,1523.6,46.7637221366361
2019-08-15,1531.2,46.99698827488658
2019-08-14,1527.8,46.892632370932425
2019-08-13,1514.1,46.472139463823
2019-08-12,1517.2,46.56728749389885
2019-08-09,1508.5,46.30025915142791
2019-08-08,1509.5,46.33095206435561
2019-08-07,1507.3,46.26342765591467
2019-08-06,1484.2,45.55442136728492
2019-08-05,1464.6,44.9528402739021
2019-08-02,1457.5,44.734920592115465
2019-08-01,1432.4,43.96452847763032
2019-07-31,1437.8,44.13027020743987
2019-07-30,1441.8,44.25304185915065
2019-07-29,1433.3,43.99215209926524
2019-07-26,1432.2,43.95838989504478
2019-07-25,1427.5,43.814133204284616
2019-07-24,1436.5,44.09036942063387
2019-07-23,1421.7,43.636114309303984
2019-07-22,1426.9,43.795717456527996
2019-07-19,1426.7,43.78957887394246
2019-07-18,1428.1,43.83254895204123
2019-07-17,1421.3,43.62383714413291
2019-07-16,1411.2,43.31383872356319
2019-07-15,1413.5,43.384432423296886
2019-07-12,1412.2,43.344531636490885
2019-07-11,1406.7,43.175720615388556
2019-07-10,1412.5,43.35373951036919
2019-07-09,1400.5,42.98542455523685
2019-07-08,1400.0,42.970078098773
2019-07-05,1400.1,42.97314739006577
2019-07-03,1420.9,43.61155997896183
2019-07-02,1408.0,43.21562140219456
2019-07-01,1385.6,42.52810015261419
2019-06-28,1409.7,43.26779935417164
2019-06-27,1412.0,43.338393053905335
2019-06-26,1411.6,43.32611588873426
2019-06-25,1418.7,43.54403557052089
2019-06-24,1418.2,43.52868911405705
2019-06-21,1400.1,42.97314739006577
2019-06-20,1396.9,42.87493006869715
2019-06-19,1348.8,41.39860095687502
2019-06-18,1350.7,41.456917491437636
2019-06-17,1342.9,41.217512770601616
2019-06-14,1344.5,41.26662143128593
2019-06-13,1343.7,41.24206710094377
2019-06-12,1336.8,41.030286001742674
2019-06-11,1331.2,40.858405689347585
2019-06-10,1329.3,40.80008915478496
2019-06-07,1346.1,41.315730091970245
2019-06-06,1342.7,41.21137418801608
2019-06-05,1333.6,40.93206868037405
2019-06-04,1323.4,40.619000968511564
2019-06-03,1327.9,40.75711907668619
2019-05-31,1311.1,40.241478139500906
2019-05-30,1287.1,39.50484822923623
2019-05-29,1286.3,39.48029389889408
2019-05-28,1282.5,39.36366082976884
2019-05-24,1289.2,39.569303346384395
2019-05-23,1291.0,39.62455058965424
2019-05-22,1274.2,39.108909652468974
2019-05-21,1273.2,39.078216739541276
2019-05-20,1277.3,39.20405768254482
2019-05-17,1275.7,39.15494902186051
2019-05-16,1286.2,39.47722460760131
2019-05-15,1297.8,39.83326239756257
2019-05-14,1296.3,39.78722302817103
2019-05-13,1301.8,39.95603404927335
2019-05-10,1287.4,39.51405610311455
2019-05-09,1285.2,39.44653169467361
2019-05-08,1281.4,39.32989862554838
2019-05-07,1285.6,39.45880885984469
2019-05-06,1283.8,39.40356161657484
2019-05-03,1281.3,39.326829334255606
2019-05-02,1272.0,39.04138524402804
2019-05-01,1284.2,39.41583878174592
2019-04-30,1282.8,39.37286870364714
2019-04-29,1281.5,39.33296791684114
2019-04-26,1288.8,39.55702618121332
2019-04-25,1279.7,39.27772067357129
2019-04-24,1279.4,39.268512799692985
2019-04-23,1273.2,39.078216739541276
2019-04-22,1277.6,39.213265556423124
2019-04-18,1276.0,39.16415689573882
2019-04-17,1276.8,39.188711226080976
2019-04-16,1277.2,39.200988391252054
2019-04-15,1291.3,39.63375846353255
2019-04-12,1295.2,39.75346082395057
2019-04-11,1293.3,39.69514428938794
2019-04-10,1313.9,40.327418295698465
2019-04-09,1308.3,40.15553798330337
2019-04-08,1297.1,39.811777358513176
2019-04-05,1295.6,39.76573798912164
2019-04-04,1294.3,39.72583720231564
2019-04-03,1295.3,39.75653011524333
2019-04-02,1295.4,39.75959940653611
2019-04-01,1294.2,39.72276791102287
2019-03-29,1298.5,39.85474743661196
2019-03-28,1295.3,39.75653011524333
2019-03-27,1316.9,40.419497034481545
2019-03-26,1321.4,40.55761514265617
2019-03-25,1329.0,40.79088128090665
2019-03-22,1318.7,40.47474427775139
2019-03-21,1313.6,40.31821042182015
2019-03-20,1300.5,39.91613326246735
2019-03-19,1306.5,40.100290740033515
2019-03-18,1301.5,39.94682617539504
2019-03-15,1302.9,39.98979625349382
2019-03-14,1293.4,39.69821358068072
2019-03-13,1309.3,40.18623089623106
2019-03-12,1296.3,39.78722302817103
2019-03-11,1291.1,39.62761988094701
2019-03-08,1299.3,39.879301766954114
2019-03-07,1286.1,39.47415531630853
2019-03-06,1287.6,39.520194685700076
2019-03-05,1284.7,39.43118523820977
2019-03-04,1287.5,39.51712539440731
2019-03-01,1299.2,39.87623247566135
2019-02-28,1316.1,40.39494270413938
2019-02-27,1317.7,40.4440513648237
2019-02-26,1328.5,40.7755348244428
2019-02-25,1329.5,40.806227737370506
2019-02-22,1332.8,40.907514350031896
2019-02-21,1327.8,40.75404978539343
2019-02-20,1347.9,41.37097733524009
2019-02-19,1344.8,41.27582930516423
2019-02-15,1322.1,40.579100181705556
2019-02-14,1313.9,40.327418295698465
2019-02-13,1310.8,40.23227026562261
2019-02-12,1314.0,40.330487586991225
2019-02-11,1307.0,40.11563719649737
2019-02-08,1318.5,40.468605695165856
2019-02-07,1314.2,40.336626169576775
2019-02-06,1314.4,40.34276475216232
2019-02-05,1319.2,40.490090734215244
2019-02-04,1319.3,40.49316002550802
2019-02-01,1322.1,40.579100181705556
2019-01-31,1325.2,40.67424821178141
2019-01-30,1315.5,40.376526956382776
2019-01-29,1315.2,40.367319082504466
2019-01-28,1309.3,40.18623089623106
2019-01-25,1304.2,40.029697040299816
2019-01-24,1285.9,39.468016733723005
2019-01-23,1290.2,39.599996259312086
2019-01-22,1283.4,39.39128445140377
2019-01-18,1282.6,39.3667301210616
2019-01-17,1292.3,39.66445137646025
2019-01-16,1293.8,39.71049074585179
2019-01-15,1288.4,39.54474901604224
2019-01-14,1289.1,39.56623405509162
2019-01-11,1289.5,39.5785112202627
2019-01-10,1287.4,39.51405610311455
2019-01-09,1292.0,39.65524350258194
2019-01-08,1285.9,39.468016733723005
2019-01-07,1289.9,39.59078838543378
2019-01-04,1285.8,39.46494744243023
2019-01-03,1294.8,39.741183658779484
2019-01-02,1284.1,39.412769490453144
2018-12-31,1281.3,39.326829334255606
2018-12-28,1283.0,39.379007286232685
2018-12-27,1281.1,39.320690751670064
2018-12-26,1273.0,39.07207815695573
2018-12-24,1271.8,39.03524666144251
2018-12-21,1258.1,38.61475375433307
2018-12-20,1267.9,38.9155443010245
2018-12-19,1256.4,38.56257580235601
2018-12-18,1253.6,38.47663564615845
2018-12-17,1251.8,38.4213884028886
2018-12-14,1241.4,38.10218210844058
2018-12-13,1247.4,38.28633958600675
2018-12-12,1250.0,38.36614115961875
2018-12-11,1247.2,38.280201003421205
2018-12-10,1249.4,38.347725411862136
2018-12-07,1252.6,38.44594273323075
2018-12-06,1243.6,38.1697065168815
2018-12-05,1242.6,38.1390136039538
2018-12-04,1246.6,38.26178525566458
2018-12-03,1239.6,38.04693486517072
2018-11-30,1226.0,37.629511249354074
2018-11-29,1230.4,37.76456006623593
2018-11-28,1229.8,37.74614431847932
2018-11-27,1219.9,37.44228448049513
2018-11-26,1228.7,37.71238211425885
2018-11-23,1223.2,37.54357109315652
2018-11-21,1225.8,37.62337266676853
2018-11-20,1221.2,37.48218526730113
2018-11-19,1225.3,37.608026210304686
2018-11-16,1223.0,37.53743251057099
2018-11-15,1215.0,37.291889207149424
2018-11-14,1210.1,37.141493933803716
2018-11-13,1199.2,36.80694118289185
2018-11-12,1201.3,36.871396300040004
2018-11-09,1208.6,37.09545456441217
2018-11-08,1225.1,37.601887627719144
2018-11-07,1228.7,37.71238211425885
2018-11-06,1226.3,37.63871912323238
2018-11-05,1232.3,37.822876600798544
2018-11-02,1233.3,37.85356951372624
2018-11-01,1238.6,38.01624195224302
2018-10-31,1215.0,37.291889207149424
2018-10-30,1225.3,37.608026210304686
2018-10-29,1227.6,37.67861991003837
2018-10-26,1235.8,37.930301796045484
2018-10-25,1232.4,37.82594589209132
2018-10-24,1231.1,37.78604510528531
2018-10-23,1236.8,37.960994708973175
2018-10-22,1224.6,37.58654117125529
2018-10-19,1228.7,37.71238211425885
2018-10-18,1230.1,37.75535219235761
2018-10-17,1227.4,37.67248132745284
2018-10-16,1231.0,37.78297581399254
2018-10-15,1226.4,37.64178841452515
2018-10-12,1222.0,37.506739597643296
2018-10-11,1227.6,37.67861991003837
2018-10-10,1193.4,36.628922287911216
2018-10-09,1191.5,36.57060575334859
2018-10-08,1184.4,36.35268607156196
2018-10-05,1205.6,37.003375825629085
2018-10-04,1201.6,36.88060417391831
2018-10-03,1202.9,36.920504960724315
2018-10-02,1207.0,37.04634590372787
2018-10-01,1191.7,36.57674433593413
2018-09-28,1196.2,36.71486244410876
2018-09-27,1182.3,36.2882309544138
2018-09-26,1199.1,36.803871891599066
2018-09-25,1205.1,36.98802936916524
2018-09-24,1204.4,36.96654433011586
2018-09-21,1201.3,36.871396300040004
2018-09-20,1211.3,37.178325429316956
2018-09-19,1202.2,36.89901992167493
2018-09-18,1202.9,36.920504960724315
2018-09-17,1205.8,37.00951440821463
2018-09-14,1201.1,36.86525771745446
2018-09-13,1208.2,37.083177399241094
2018-09-12,1210.9,37.16604826414588
2018-09-11,1202.2,36.89901992167493
2018-09-10,1199.8,36.82535693064846
2018-09-07,1200.4,36.84377267840508
2018-09-06,1204.3,36.96347503882309
2018-09-05,1201.3,36.871396300040004
2018-09-04,1199.1,36.803871891599066
2018-08-31,1206.7,37.03713802984956
2018-08-30,1205.0,36.98496007787248
2018-08-29,1211.5,37.18446401190249
2018-08-28,1207.4,37.058623068898946
2018-08-27,1216.0,37.322582120077115
2018-08-24,1213.3,37.239711255172345
2018-08-23,1194.0,36.64733803566783
2018-08-22,1203.3,36.93278212589539
2018-08-21,1200.0,36.831495513233996
2018-08-20,1194.6,36.66575378342444
2018-08-17,1184.2,36.34654748897642
2018-08-16,1184.0,36.340408906390884
2018-08-15,1185.0,36.371101819318575
2018-08-14,1193.0,36.61664512274013
2018-08-13,1198.9,36.79773330901354
2018-08-10,1219.0,37.4146608588602
2018-08-09,1219.9,37.44228448049513
2018-08-08,1221.0,37.47604668471559
2018-08-07,1218.3,37.393175819810814
2018-08-06,1208.6,37.09545456441217
2018-08-03,1223.2,37.54357109315652
2018-08-02,1210.6,37.15684039026757
2018-08-01,1227.6,37.67861991003837
2018-07-31,1233.6,37.86277738760455
2018-07-30,1231.5,37.798322270456396
2018-07-27,1232.7,37.83515376596963
2018-07-26,1235.3,37.91495533958163
2018-07-25,1241.0,38.08990494326949
2018-07-24,1234.6,37.89347030053224
2018-07-23,1234.4,37.887331717946715
2018-07-20,1231.1,37.78604510528531
2018-07-19,1224.0,37.568125423498685
2018-07-18,1227.9,37.687827783916696
2018-07-17,1227.3,37.669412036160075
2018-07-16,1239.7,38.05000415646349
2018-07-13,1241.2,38.09604352585504
2018-07-12,1246.6,38.26178525566458
2018-07-11,1244.4,38.19426084722366
2018-07-10,1255.4,38.53188288942831
2018-07-09,1259.6,38.660793123724616
2018-07-06,1255.8,38.54416005459938
2018-07-05,1258.8,38.63623879338247
2018-07-03,1253.5,38.47356635486568
2018-07-02,1241.7,38.111389982318876
2018-06-29,1254.5,38.50425926779338
2018-06-28,1251.0,38.39683407254645
2018-06-27,1256.1,38.553367928477684
2018-06-26,1259.9,38.67000099760293
2018-06-25,1268.9,38.946237213952195
2018-06-22,1270.7,39.001484457222034
2018-06-21,1270.5,38.9953458746365
2018-06-20,1274.5,39.11811752634728
2018-06-19,1278.6,39.24395846935082
2018-06-18,1280.1,39.289997838742366
2018-06-15,1278.5,39.240889178058055
2018-06-14,1308.3,40.15553798330337
2018-06-13,1301.3,39.9406875928095
2018-06-12,1299.4,39.88237105824689
2018-06-11,1303.2,39.999004127372125
2018-06-08,1302.7,39.98365767090828
2018-06-07,1303.0,39.99286554478659
2018-06-06,1301.4,39.94375688410228
2018-06-05,1302.2,39.96831121444443
2018-06-04,1297.3,39.81791594109872
2018-06-01,1299.3,39.879301766954114
2018-05-31,1304.7,40.04504349676367
2018-05-30,1306.5,40.100290740033515
2018-05-29,1304.1,40.02662774900705
2018-05-25,1309.0,40.177023022352756
2018-05-24,1309.8,40.20157735269491
2018-05-23,1294.8,39.741183658779484
2018-05-22,1297.4,39.8209852323915
2018-05-21,1290.9,39.62148129836148
2018-05-18,1291.3,39.63375846353255
2018-05-17,1289.4,39.57544192896994
2018-05-16,1291.5,39.639897046118094
2018-05-15,1290.3,39.60306555060486
2018-05-14,1318.2,40.45939782128755
2018-05-11,1320.7,40.53613010360678
2018-05-10,1322.3,40.5852387642911
2018-05-09,1313.0,40.299794674063534
2018-05-08,1313.7,40.32127971311292
2018-05-07,1314.1,40.33355687828399
2018-05-04,1314.7,40.35197262604061
2018-05-03,1312.7,40.290586800185224
2018-05-02,1305.6,40.072667118398584
2018-05-01,1306.8,40.109498613911825
2018-04-30,1319.2,40.490090734215244
2018-04-27,1323.4,40.619000968511564
2018-04-26,1317.9,40.45018994740924
2018-04-25,1322.8,40.600585220754944
2018-04-24,1333.0,40.91365293261743
2018-04-23,1324.0,40.637416716268184
2018-04-20,1338.3,41.076325371134224
2018-04-19,1348.8,41.39860095687502
2018-04-18,1353.5,41.54285764763518
2018-04-17,1349.5,41.4200859959244
2018-04-16,1350.7,41.456917491437636
2018-04-13,1347.9,41.37097733524009
2018-04-12,1341.9,41.18681985767392
2018-04-11,1360.0,41.7423615816652
2018-04-10,1345.9,41.3095915093847
2018-04-09,1340.1,41.131572614404064
2018-04-06,1336.1,41.008800962693286
2018-04-05,1328.5,40.7755348244428
2018-04-04,1340.2,41.13464190569684
2018-04-03,1337.3,41.045632458206526
2018-04-02,1352.9,41.52444189987857
2018-03-29,1327.3,40.738703328929574
2018-03-28,1330.0,40.82157419383435
2018-03-27,1347.9,41.37097733524009
2018-03-26,1360.9,41.76998520330012
2018-03-23,1355.7,41.61038205607611
2018-03-22,1333.2,40.919791515202974
2018-03-21,1321.5,40.56068443394894
2018-03-20,1311.9,40.266032469843076
2018-03-19,1317.8,40.44712065611647
2018-03-16,1312.3,40.278309635014146
2018-03-15,1317.8,40.44712065611647
2018-03-14,1325.6,40.68652537695249
2018-03-13,1327.1,40.73256474634404
2018-03-12,1320.8,40.539199394899555
2018-03-09,1324.0,40.637416716268184
2018-03-08,1321.7,40.566823016534485
2018-03-07,1327.6,40.747911202807884
2018-03-06,1335.2,40.98117734105836
2018-03-05,1319.9,40.51157577326463
2018-03-02,1323.4,40.619000968511564
2018-03-01,1305.2,40.060389953227514
2018-02-28,1317.9,40.45018994740924
2018-02-27,1315.5,40.376526956382776
2018-02-26,1332.8,40.907514350031896
2018-02-23,1330.3,40.830782067712654
2018-02-22,1332.7,40.90444505873913
2018-02-21,1332.1,40.88602931098251
2018-02-20,1331.2,40.858405689347585
2018-02-16,1356.2,41.62572851253996
2018-02-15,1355.3,41.59810489090503
2018-02-14,1358.0,41.680975755809804
2018-02-13,1330.4,40.83385135900543
2018-02-12,1326.4,40.71107970729465
2018-02-09,1315.7,40.38266553896831
2018-02-08,1319.0,40.4839521516297
2018-02-07,1314.6,40.348903334747845
2018-02-06,1329.5,40.806227737370506
2018-02-05,1336.5,41.02107812786437
2018-02-02,1337.3,41.045632458206526
2018-02-01,1347.9,41.37097733524009
2018-01-31,1343.1,41.22365135318715
2018-01-30,1340.0,41.1285033231113
2018-01-29,1345.1,41.28503717904255
2018-01-26,1357.2,41.656421425467656
2018-01-25,1368.0,41.98790488508676
2018-01-24,1361.4,41.78533165976397
2018-01-23,1336.7,41.027216710449906
2018-01-22,1331.9,40.879890728396965
2018-01-19,1333.1,40.916722223910206
2018-01-18,1327.2,40.7356340376368
2018-01-17,1339.2,41.10394899276915
2018-01-16,1337.1,41.039493875620984
2018-01-12,1334.9,40.97196946718006
2018-01-11,1322.5,40.591377346876634
2018-01-10,1319.3,40.49316002550802
2018-01-09,1313.7,40.32127971311292
2018-01-08,1320.4,40.52692222972848
2018-01-05,1322.3,40.5852387642911
2018-01-04,1321.6,40.56375372524171
2018-01-03,1318.5,40.468605695165856
2018-01-02,1316.1,40.39494270413938
2017-12-29,1309.3,40.18623089623106
2017-12-28,1297.2,39.81484664980596
2017-12-27,1291.4,39.636827754825326
2017-12-26,1287.5,39.51712539440731
2017-12-22,1278.8,39.250097051936365
2017-12-21,1270.6,38.998415165929266
2017-12-20,1269.6,38.96772225300157
2017-12-19,1264.2,38.80198052319202
2017-12-18,1265.5,38.84188130999802
2017-12-15,1257.5,38.59633800657647
2017-12-14,1257.1,38.584060841405375
2017-12-13,1248.6,38.323171081519966
2017-12-12,1241.7,38.111389982318876
2017-12-11,1246.9,38.2709931295429
2017-12-08,1248.4,38.31703249893444
2017-12-07,1253.1,38.4612891896946
2017-12-06,1266.1,38.860297057754636
2017-12-05,1264.9,38.82346556224141
2017-12-04,1277.7,39.2163348477159
2017-12-01,1282.3,39.3575222471833
2017-11-30,1276.7,39.18564193478821
2017-11-29,1286.2,39.47722460760131
2017-11-28,1299.2,39.87623247566135
2017-11-27,1298.9,39.86702460178304
2017-11-24,1291.8,39.649104919996404
2017-11-22,1296.8,39.80256948463487
2017-11-21,1281.7,39.33910649942668
2017-11-20,1275.3,39.14267185668943
2017-11-17,1296.5,39.79336161075657
2017-11-16,1278.2,39.23168130417975
2017-11-15,1277.7,39.2163348477159
2017-11-14,1282.9,39.375937994939925
2017-11-13,1278.9,39.25316634322914
2017-11-10,1274.2,39.108909652468974
2017-11-09,1287.5,39.51712539440731
2017-11-08,1283.7,39.40049232528207
2017-11-07,1275.8,39.158018313153285
2017-11-06,1281.6,39.33603720813391
2017-11-03,1269.2,38.95544508783049
2017-11-02,1278.1,39.22861201288697
2017-11-01,1277.3,39.20405768254482
2017-10-31,1270.5,38.9953458746365
2017-10-30,1277.7,39.2163348477159
2017-10-27,1271.8,39.03524666144251
2017-10-26,1269.6,38.96772225300157
2017-10-25,1279.0,39.2562356345219
2017-10-24,1278.3,39.23475059547251
2017-10-23,1280.9,39.31455216908453
2017-10-20,1280.5,39.30227500391345
2017-10-19,1290.0,39.59385767672655
2017-10-18,1283.0,39.379007286232685
2017-10-17,1286.2,39.47722460760131
2017-10-16,1303.0,39.99286554478659
2017-10-13,1304.6,40.041974205470886
2017-10-12,1296.5,39.79336161075657
2017-10-11,1288.9,39.56009547250609
2017-10-10,1293.8,39.71049074585179
2017-10-09,1285.0,39.440393112088074
2017-10-06,1274.9,39.13039469151836
2017-10-05,1273.2,39.078216739541276
2017-10-04,1276.8,39.188711226080976
2017-10-03,1274.6,39.121186817640044
2017-10-02,1275.8,39.158018313153285
2017-09-29,1284.8,39.43425452950253
2017-09-28,1288.7,39.55395688992055
2017-09-27,1287.8,39.52633326828562
2017-09-26,1301.7,39.95296475798058
2017-09-25,1311.5,40.253755304672
2017-09-22,1297.5,39.82405452368426
2017-09-21,1294.8,39.741183658779484
2017-09-20,1316.4,40.404150578017706
2017-09-19,1310.6,40.22613168303707
2017-09-18,1310.8,40.23227026562261
2017-09-15,1325.2,40.67424821178141
2017-09-14,1329.3,40.80008915478496
2017-09-13,1328.0,40.76018836797896
2017-09-12,1332.7,40.90444505873913
2017-09-11,1335.7,40.99652379752221
2017-09-08,1351.2,41.47226394790149
2017-09-07,1350.3,41.44464032626656
2017-09-06,1339.0,41.097810410183605
2017-09-05,1344.5,41.26662143128593
2017-09-01,1330.4,40.83385135900543
2017-08-31,1322.2,40.58216947299833
2017-08-30,1314.1,40.33355687828399
2017-08-29,1318.9,40.48088286033693
2017-08-28,1315.3,40.37038837379723
2017-08-25,1297.9,39.836331688855346
2017-08-24,1292.0,39.65524350258194
2017-08-23,1294.7,39.738114367486716
2017-08-22,1291.0,39.62455058965424
2017-08-21,1296.7,39.799500193342105
2017-08-18,1291.6,39.64296633741086
2017-08-17,1292.4,39.667520667753024
2017-08-16,1282.9,39.375937994939925
2017-08-15,1279.7,39.27772067357129
2017-08-14,1290.4,39.60613484189763
2017-08-11,1294.0,39.71662932843733
2017-08-10,1290.1,39.59692696801931
2017-08-09,1279.3,39.26544350840022
2017-08-08,1262.6,38.7528718625077
2017-08-07,1264.7,38.81732697965587
2017-08-04,1264.6,38.81425768836309
2017-08-03,1274.4,39.115048235054516
2017-08-02,1278.4,39.237819886765294
2017-08-01,1279.4,39.268512799692985
2017-07-31,1273.4,39.08435532212682
2017-07-28,1275.3,39.14267185668943
2017-07-27,1266.5,38.872574222925714
2017-07-26,1255.6,38.53802147201384
2017-07-25,1258.5,38.62703091950416
2017-07-24,1260.7,38.69455532794508
2017-07-21,1261.0,38.7037632018234
2017-07-20,1245.5,38.22802305144412
2017-07-19,1242.0,38.12059785619719
2017-07-18,1241.9,38.11752856490442
2017-07-17,1233.7,37.86584667889732
2017-07-14,1227.5,37.67555061874561
2017-07-13,1217.3,37.36248290688312
2017-07-12,1219.1,37.41773015015297
2017-07-11,1214.7,37.282681333271114
2017-07-10,1213.2,37.23664196387957
2017-07-07,1209.7,37.129216768632645
2017-07-06,1223.3,37.5466403844493
2017-07-05,1221.7,37.49753172376498
2017-07-03,1219.2,37.420799441445745
2017-06-30,1242.3,38.1298057300755
2017-06-29,1245.8,38.23723092532243
2017-06-28,1249.1,38.33851753798382
2017-06-27,1246.9,38.2709931295429
2017-06-26,1246.4,38.25564667307905
2017-06-23,1256.4,38.56257580235601
2017-06-22,1249.4,38.347725411862136
2017-06-21,1245.8,38.23723092532243
2017-06-20,1243.5,38.16663722558873
2017-06-19,1246.7,38.26485454695736
2017-06-16,1256.5,38.56564509364877
2017-06-15,1254.6,38.50732855908615
2017-06-14,1275.9,39.16108760444605
2017-06-13,1268.6,38.93702934007388
2017-06-12,1268.9,38.946237213952195
2017-06-09,1271.4,39.02296949627142
2017-06-08,1279.5,39.27158209098575
2017-06-07,1293.2,39.69207499809518
2017-06-06,1297.5,39.82405452368426
2017-06-05,1282.7,39.36979941235438
2017-06-02,1280.2,39.29306713003514
2017-06-01,1270.1,38.983068709465414
2017-05-31,1275.4,39.14574114798221
2017-05-30,1265.7,38.848019892583565
2017-05-26,1271.4,39.02296949627142
2017-05-25,1259.8,38.66693170631016
2017-05-24,1253.1,38.4612891896946
2017-05-23,1255.5,38.53495218072108
2017-05-22,1261.4,38.71604036699448
2017-05-19,1253.6,38.47663564615845
2017-05-18,1252.8,38.4520813158163
2017-05-17,1258.7,38.63316950208969
2017-05-16,1236.4,37.948717543802104
2017-05-15,1230.0,37.75228290106485
2017-05-12,1227.7,37.68168920133115
2017-05-11,1224.2,37.57426400608422
2017-05-10,1218.9,37.411591567567434
2017-05-09,1216.1,37.32565141136988
2017-05-08,1227.1,37.66327345357453
2017-05-05,1226.9,37.657134870989005
2017-05-04,1228.6,37.70931282296607
2017-05-03,1248.5,38.320101790227206
2017-05-02,1257.0,38.580991550112614
2017-05-01,1255.5,38.53495218072108
2017-04-28,1268.3,38.92782146619557
2017-04-27,1265.9,38.85415847516911
2017-04-26,1264.2,38.80198052319202
2017-04-25,1267.2,38.8940592619751
2017-04-24,1277.5,39.210196265130364
2017-04-21,1289.1,39.56623405509162
2017-04-20,1283.8,39.40356161657484
2017-04-19,1283.4,39.39128445140377
2017-04-18,1294.1,39.719698619730096
2017-04-17,1291.9,39.65217421128917
2017-04-13,1288.5,39.54781830733501
2017-04-12,1278.1,39.22861201288697
2017-04-11,1274.2,39.108909652468974
2017-04-10,1253.9,38.48584352003677
2017-04-07,1257.3,38.59019942399092
2017-04-06,1253.3,38.46742777228014
2017-04-05,1248.5,38.320101790227206
2017-04-04,1258.4,38.6239616282114
2017-04-03,1254.0,38.48891281132953
2017-03-31,1251.2,38.40297265513198
2017-03-30,1248.0,38.30475533376336
2017-03-29,1256.8,38.57485296752708
2017-03-28,1258.8,38.63623879338247
2017-03-27,1258.8,38.63623879338247
2017-03-24,1251.7,38.418319111595835
2017-03-23,1250.1,38.36921045091152
2017-03-22,1249.7,38.35693328574044
2017-03-21,1246.5,38.25871596437182
2017-03-20,1234.0,37.87505455277563
2017-03-17,1230.2,37.75842148365039
2017-03-16,1227.1,37.66327345357453
2017-03-15,1200.7,36.852980552283384
2017-03-14,1202.6,36.911297086846
2017-03-13,1203.1,36.92664354330985
2017-03-10,1201.4,36.87446559133278
2017-03-09,1203.2,36.929712834602626
2017-03-08,1209.4,37.120008894754335
2017-03-07,1216.1,37.32565141136988
2017-03-06,1225.5,37.61416479289022
2017-03-03,1226.5,37.64485770581791
2017-03-02,1232.9,37.84129234855517
2017-03-01,1250.0,38.36614115961875
2017-02-28,1253.9,38.48584352003677
2017-02-27,1258.8,38.63623879338247
2017-02-24,1258.3,38.620892336918615
2017-02-23,1251.4,38.409111237717525
2017-02-22,1233.3,37.85356951372624
2017-02-21,1238.9,38.02544982612134
2017-02-17,1239.1,38.03158840870687
2017-02-16,1241.6,38.10832069102611
2017-02-15,1233.1,37.8474309311407
2017-02-14,1225.4,37.611095501597454
2017-02-13,1225.8,37.62337266676853
2017-02-10,1235.9,37.93337108733825
2017-02-09,1236.8,37.960994708973175
2017-02-08,1239.5,38.04386557387795
2017-02-07,1236.1,37.93950966992378
2017-02-06,1232.1,37.816738018213
2017-02-03,1220.8,37.469908102130056
2017-02-02,1219.4,37.42693802403129
2017-02-01,1208.3,37.08624669053387
2017-01-31,1211.4,37.181394720609724
2017-01-30,1196.0,36.70872386152322
2017-01-27,1191.1,36.55832858817751
2017-01-26,1192.5,36.60129866627629
2017-01-25,1200.5,36.84684196969785
2017-01-24,1210.8,37.16297897285311
2017-01-23,1215.6,37.31030495490604
2017-01-20,1204.9,36.98189078657971
2017-01-19,1201.5,36.87753488262554
2017-01-18,1212.1,37.202879759659105
2017-01-17,1212.9,37.22743409000127
2017-01-13,1196.2,36.71486244410876
2017-01-12,1199.8,36.82535693064846
2017-01-11,1196.6,36.72713960927983
2017-01-10,1185.5,36.38644827578242
2017-01-09,1184.9,36.368032528025815
2017-01-06,1173.4,36.01506402935731
2017-01-05,1181.3,36.25753804148611
2017-01-04,1165.3,35.76645143464299
2017-01-03,1162.0,35.665164821981584
2016-12-30,1151.7,35.349027818826336
2016-12-29,1158.1,35.545462461563574
2016-12-28,1140.9,35.01754435920723
2016-12-27,1138.8,34.953089242059065
2016-12-23,1133.6,34.79348609483505
2016-12-22,1133.6,34.79348609483505
2016-12-21,1133.2,34.78120892966397
2016-12-20,1133.6,34.79348609483505
2016-12-19,1142.7,35.072791602477075
2016-12-16,1137.4,34.9101191639603
2016-12-15,1129.8,34.67685302570981
2016-12-14,1163.7,35.71734277395867
2016-12-13,1159.0,35.573086083198504
2016-12-12,1165.8,35.78179789110683
2016-12-09,1161.9,35.66209553068882
2016-12-08,1172.4,35.98437111642962
2016-12-07,1177.5,36.140904972360865
2016-12-06,1170.1,35.913777416695915
2016-12-05,1176.5,36.11021205943317
2016-12-02,1177.8,36.150112846239175
2016-12-01,1169.4,35.892292377646534
2016-11-30,1173.9,36.030410485821164
2016-11-29,1190.8,36.54912071429921
2016-11-28,1193.8,36.641199453082294
2016-11-25,1181.0,36.24833016760779
2016-11-23,1192.4,36.59822937498352
2016-11-22,1211.2,37.17525613802418
2016-11-21,1209.8,37.132286059925406
2016-11-18,1208.7,37.09852385570495
2016-11-17,1216.9,37.350205741712045
2016-11-16,1223.9,37.56505613220592
2016-11-15,1224.5,37.583471879962524
2016-11-14,1221.7,37.49753172376498
2016-11-11,1224.3,37.57733329737699
2016-11-10,1266.4,38.86950493163295
2016-11-09,1273.5,39.087424613419586
2016-11-08,1274.5,39.11811752634728
2016-11-07,1279.4,39.268512799692985
2016-11-04,1304.5,40.038904914178126
2016-11-03,1303.3,40.00207341866489
2016-11-02,1308.2,40.15246869201059
2016-11-01,1288.0,39.53247185087116
2016-10-31,1273.1,39.0751474482485
2016-10-28,1276.8,39.188711226080976
2016-10-27,1269.5,38.9646529617088
2016-10-26,1266.6,38.87564351421848
2016-10-25,1273.6,39.090493904712346
2016-10-24,1263.7,38.786634066728176
2016-10-21,1267.7,38.909405718438954
2016-10-20,1267.5,38.90326713585341
2016-10-19,1269.9,38.976930126879886
2016-10-18,1262.9,38.76207973638602
2016-10-17,1256.6,38.568714384941536
2016-10-14,1255.5,38.53495218072108
2016-10-13,1257.6,38.59940729786923
2016-10-12,1253.8,38.48277422874399
2016-10-11,1255.9,38.547229345892156
2016-10-10,1260.4,38.685347454066786
2016-10-07,1251.9,38.42445769418138
2016-10-06,1253.0,38.458219898401836
2016-10-05,1268.6,38.93702934007388
2016-10-04,1269.7,38.97079154429434
2016-10-03,1312.7,40.290586800185224
2016-09-30,1317.1,40.42563561706707
2016-09-29,1326.0,40.69880254212357
2016-09-28,1323.7,40.628208842389874
2016-09-27,1330.4,40.83385135900543
2016-09-26,1344.1,41.25434426611485
2016-09-23,1341.7,41.18068127508838
2016-09-22,1344.7,41.27276001387147
2016-09-21,1331.4,40.86454427193312
2016-09-20,1318.2,40.45939782128755
2016-09-19,1317.8,40.44712065611647
2016-09-16,1310.2,40.21385451786598
2016-09-15,1318.0,40.453259238702
2016-09-14,1326.1,40.70187183341634
2016-09-13,1323.7,40.628208842389874
2016-09-12,1325.6,40.68652537695249
2016-09-09,1334.5,40.95969230200898
2016-09-08,1341.6,41.177611983795614
2016-09-07,1349.2,41.41087812204609
2016-09-06,1349.2,41.41087812204609
2016-09-02,1354.0,41.558204104099026
2016-09-01,1317.1,40.42563561706707
2016-08-31,1311.4,40.25068601337922
2016-08-30,1316.5,40.40721986931047
2016-08-29,1327.1,40.73256474634404
2016-08-26,1325.9,40.6957332508308
2016-08-25,1324.6,40.6558324640248
2016-08-24,1329.7,40.81236631995604
2016-08-23,1346.1,41.315730091970245
2016-08-22,1343.4,41.23285922706547
2016-08-19,1346.2,41.318799383263006
2016-08-18,1357.2,41.656421425467656
2016-08-17,1348.8,41.39860095687502
2016-08-16,1356.9,41.647213551589346
2016-08-15,1347.5,41.35870017006901
2016-08-12,1343.2,41.226720644479926
2016-08-11,1350.0,41.43543245238825
2016-08-10,1351.9,41.49374898695087
2016-08-09,1346.7,41.33414583972686
2016-08-08,1341.3,41.168404109917304
2016-08-05,1344.4,41.26355213999316
2016-08-04,1367.4,41.96948913733014
2016-08-03,1364.7,41.886618272425366
2016-08-02,1372.6,42.129092284554154
2016-08-01,1359.6,41.73008441649412
2016-07-29,1349.0,41.40473953946056
2016-07-28,1332.3,40.89216789356804
2016-07-27,1326.7,40.72028758117296
2016-07-26,1320.8,40.539199394899555
2016-07-25,1319.5,40.499298608093554
2016-07-22,1323.4,40.619000968511564
2016-07-21,1331.0,40.85226710676204
2016-07-20,1319.3,40.49316002550802
2016-07-19,1332.3,40.89216789356804
2016-07-18,1329.3,40.80008915478496
2016-07-15,1327.4,40.74177262022234
2016-07-14,1327.4,40.74177262022234
2016-07-13,1332.2,40.88909860227528
2016-07-12,1335.3,40.98424663235113
2016-07-11,1356.6,41.63800567771104
2016-07-08,1358.4,41.69325292098089
2016-07-07,1362.1,41.80681669881336
2016-07-06,1367.1,41.96028126345184
2016-07-05,1358.7,41.70246079485919
2016-07-01,1339.0,41.097810410183605
2016-06-30,1320.6,40.53306081231402
2016-06-29,1326.9,40.7264261637585
2016-06-28,1317.9,40.45018994740924
2016-06-27,1324.7,40.65890175531757
2016-06-24,1322.4,40.588308055583866
2016-06-23,1263.1,38.76821831897155
2016-06-22,1270.0,38.97999941817265
2016-06-21,1272.5,39.05673170049189
2016-06-20,1292.1,39.65831279387471
2016-06-17,1294.8,39.741183658779484
2016-06-16,1298.4,39.85167814531919
2016-06-15,1288.3,39.54167972474947
2016-06-14,1288.1,39.53554114216392
2016-06-13,1286.9,39.4987096466507
2016-06-10,1275.9,39.16108760444605
2016-06-09,1272.7,39.06287028307742
2016-06-08,1262.3,38.7436639886294
2016-06-07,1247.0,38.27406242083567
2016-06-06,1247.4,38.28633958600675
2016-06-03,1242.9,38.14822147783212
2016-06-02,1212.6,37.21822621612296
2016-06-01,1214.7,37.282681333271114
2016-05-31,1217.5,37.368621489468666
2016-05-27,1216.7,37.3440671591265
2016-05-26,1222.7,37.52822463669267
2016-05-25,1226.6,37.64792699711068
2016-05-24,1232.2,37.81980730950578
2016-05-23,1251.5,38.41218052901029
2016-05-20,1252.9,38.45515060710907
2016-05-19,1254.8,38.51346714167169
2016-05-18,1274.4,39.115048235054516
2016-05-17,1276.9,39.19178051737375
2016-05-16,1274.2,39.108909652468974
2016-05-13,1272.7,39.06287028307742
2016-05-12,1271.2,39.01683091368588
2016-05-11,1275.5,39.148810439274975
2016-05-10,1264.8,38.820396270948635
2016-05-09,1266.6,38.87564351421848
2016-05-06,1294.0,39.71662932843733
2016-05-05,1272.3,39.050593117906345
2016-05-04,1274.4,39.115048235054516
2016-05-03,1291.8,39.649104919996404
2016-05-02,1295.8,39.77187657170718
2016-04-29,1290.5,39.6092041331904
2016-04-28,1266.4,38.86950493163295
2016-04-27,1250.4,38.37841832478983
2016-04-26,1243.4,38.16356793429597
2016-04-25,1240.2,38.06535061292734
2016-04-22,1230.0,37.75228290106485
2016-04-21,1250.3,38.37534903349706
2016-04-20,1254.4,38.50118997650061
2016-04-19,1254.3,38.49812068520784
2016-04-18,1235.0,37.90574746570332
2016-04-15,1234.6,37.89347030053224
2016-04-14,1226.5,37.64485770581791
2016-04-13,1248.3,38.31396320764167
2016-04-12,1260.9,38.700693910530624
2016-04-11,1258.0,38.611684463040305
2016-04-08,1243.8,38.17584509946704
2016-04-07,1237.5,37.98247974802256
2016-04-06,1223.8,37.56198684091314
2016-04-05,1229.6,37.740005735893774
2016-04-04,1219.3,37.42386873273851
2016-04-01,1223.5,37.55277896703483
2016-03-31,1235.6,37.92416321345994
2016-03-30,1228.6,37.70931282296607
2016-03-29,1237.5,37.98247974802256
2016-03-28,1222.0,37.506739597643296
2016-03-24,1223.5,37.55277896703483
2016-03-23,1225.6,37.61723408418298
2016-03-22,1248.6,38.323171081519966
2016-03-21,1244.2,38.18812226463812
2016-03-18,1254.3,38.49812068520784
2016-03-17,1265.0,38.82653485353418
2016-03-16,1229.8,37.74614431847932
2016-03-15,1231.0,37.78297581399254
2016-03-14,1245.1,38.21574588627304
2016-03-11,1259.4,38.65465454113909
2016-03-10,1272.8,39.0659395743702
2016-03-09,1257.4,38.5932687152837
2016-03-08,1262.9,38.76207973638602
2016-03-07,1264.0,38.79584194060648
2016-03-04,1270.7,39.001484457222034
2016-03-03,1258.2,38.61782304562585
2016-03-02,1241.8,38.11445927361165
2016-03-01,1230.8,37.77683723140701
2016-02-29,1234.4,37.887331717946715
2016-02-26,1220.4,37.457630936958985
2016-02-25,1238.8,38.022380534828564
2016-02-24,1239.1,38.03158840870687
2016-02-23,1222.6,37.5251553453999
2016-02-22,1210.1,37.141493933803716
2016-02-19,1230.8,37.77683723140701
2016-02-18,1226.3,37.63871912323238
2016-02-17,1211.4,37.181394720609724
2016-02-16,1208.2,37.083177399241094
2016-02-12,1239.4,38.04079628258519
2016-02-11,1247.8,38.29861675117782
2016-02-10,1194.6,36.66575378342444
2016-02-09,1198.6,36.78852543513522
2016-02-08,1197.9,36.76704039608585
2016-02-05,1157.7,35.5331852963925
2016-02-04,1157.5,35.52704671380697
2016-02-03,1141.3,35.0298215243783
2016-02-02,1127.2,34.5970514520978
2016-02-01,1128.0,34.621605782439964
2016-01-29,1116.4,34.26556799247871
2016-01-28,1116.1,34.256360118600384
2016-01-27,1116.3,34.262498701185926
2016-01-26,1120.6,34.394478226775014
2016-01-25,1105.3,33.92487665898128
2016-01-22,1096.3,33.64864044263203
2016-01-21,1098.2,33.70695697719465
2016-01-20,1106.2,33.952500280616206
2016-01-19,1089.1,33.42765146955262
2016-01-15,1090.7,33.47676013023693
2016-01-14,1073.6,32.95191131917335
2016-01-13,1087.1,33.366265643697226
2016-01-12,1085.2,33.30794910913461
2016-01-11,1096.2,33.645571151339254
2016-01-08,1097.9,33.69774910331635
2016-01-07,1107.8,34.00160894130052
2016-01-06,1091.9,33.51359162575017
2016-01-05,1078.4,33.09923730122629
2016-01-04,1075.2,33.001019979857666
2015-12-31,1060.2,32.54062628594224
2015-12-30,1059.8,32.52834912077116
2015-12-29,1068.0,32.78003100677826
2015-12-28,1068.3,32.78923888065657
2015-12-25,1075.9,33.022505018907054
2015-12-24,1075.9,33.022505018907054
2015-12-23,1068.3,32.78923888065657
2015-12-22,1074.1,32.967257775637194
2015-12-21,1080.6,33.16676170966721
2015-12-18,1065.0,32.68795226799517
2015-12-17,1049.6,32.215281408908666
2015-12-16,1076.8,33.05012864054198
2015-12-15,1061.6,32.58359636404101
2015-12-14,1063.4,32.63884360731087
2015-12-11,1075.7,33.01636643632151
2015-12-10,1072.0,32.902802658489044
2015-12-09,1076.5,33.04092076666367
2015-12-08,1075.3,33.004089271150434
2015-12-07,1075.2,33.001019979857666
2015-12-04,1084.1,33.274186904914146
2015-12-03,1061.2,32.57131919886993
2015-12-02,1053.8,32.344191643204994
2015-12-01,1063.5,32.641912898603636
2015-11-30,1065.3,32.69716014187348
2015-11-27,1056.2,32.41785463423146
2015-11-26,1069.7,32.83220895875534
2015-11-25,1069.7,32.83220895875534
2015-11-24,1073.3,32.942703445295045
2015-11-23,1066.6,32.73706092867948
2015-11-20,1076.3,33.034782184078125
2015-11-19,1077.9,33.08389084476244
2015-11-18,1068.7,32.80151604582765
2015-11-17,1068.6,32.79844675453487
2015-11-16,1083.6,33.2588404484503
2015-11-13,1080.9,33.17596958354553
2015-11-12,1081.0,33.1790388748383
2015-11-11,1084.9,33.29874123525631
2015-11-10,1088.5,33.40923572179601
2015-11-09,1088.1,33.396958556624924
2015-11-06,1087.7,33.38468139145385
2015-11-05,1104.2,33.89111445476082
2015-11-04,1106.2,33.952500280616206
2015-11-03,1114.1,34.194974292744995
2015-11-02,1135.9,34.86407979456875
2015-10-30,1141.4,35.03289081567108
2015-10-29,1147.3,35.21397900194447
2015-10-28,1176.1,36.09793489426208
2015-10-27,1165.8,35.78179789110683
2015-10-26,1166.2,35.79407505627791
2015-10-23,1162.8,35.68971915232375
2015-10-22,1166.1,35.79100576498514
2015-10-21,1167.1,35.821698677912835
2015-10-20,1177.5,36.140904972360865
2015-10-19,1172.8,35.9966482816007
2015-10-16,1183.1,36.312785284755954
2015-10-15,1187.5,36.44783410163781
2015-10-14,1179.8,36.211498672094564
2015-10-13,1165.4,35.769520725935756
2015-10-12,1164.5,35.741897104300826
2015-10-09,1155.9,35.47793805312266
2015-10-08,1144.3,35.12190026316139
2015-10-07,1148.7,35.25694908004325
2015-10-06,1146.4,35.18635538030955
2015-10-05,1137.6,34.91625774654583
2015-10-02,1136.6,34.88556483361813
2015-10-01,1113.7,34.182697127573924
2015-09-30,1115.2,34.22873649696546
2015-09-29,1126.8,34.584774286926724
2015-09-28,1131.7,34.73516956027243
2015-09-25,1145.6,35.16180104996739
2015-09-24,1153.8,35.41348293597449
2015-09-23,1131.5,34.72903097768689
2015-09-22,1124.8,34.523388461071335
2015-09-21,1132.8,34.7689317644929
2015-09-18,1137.8,34.922396329131374
2015-09-17,1117.0,34.283983740235314
2015-09-16,1119.0,34.3453695660907
2015-09-15,1102.6,33.8420057940765
2015-09-14,1107.7,33.99853965000776
2015-09-11,1103.3,33.863490833125894
2015-09-10,1109.3,34.04764831069206
2015-09-09,1102.0,33.823590046319886
2015-09-08,1121.0,34.40675539194609
2015-09-07,1121.4,34.41903255711718
2015-09-04,1121.4,34.41903255711718
2015-09-03,1124.5,34.514180587193025
2015-09-02,1133.6,34.79348609483505
2015-09-01,1139.8,34.98378215498676
2015-08-31,1132.5,34.75972389061459
2015-08-28,1134.0,34.80576326000613
2015-08-27,1122.6,34.4558640526304
2015-08-26,1124.6,34.51724987848579
2015-08-25,1138.3,34.93774278559522
2015-08-24,1153.6,35.40734435338895
2015-08-21,1159.6,35.59150183095512
2015-08-20,1153.2,35.39506718821787
2015-08-19,1127.9,34.618536491147196
2015-08-18,1116.9,34.280914448942546
2015-08-17,1118.4,34.3269538183341
2015-08-14,1112.7,34.152004214646226
2015-08-13,1115.6,34.24101366213654
2015-08-12,1123.6,34.486556965558094
2015-08-11,1107.7,33.99853965000776
2015-08-10,1104.1,33.88804516346805
2015-08-07,1094.1,33.5811160341911
2015-08-06,1090.1,33.45834438248031
2015-08-05,1085.6,33.32022627430569
2015-08-04,1090.7,33.47676013023693
2015-08-03,1089.4,33.43685934343094
2015-07-31,1095.1,33.61180894711879
2015-07-30,1088.7,33.415374304381544
2015-07-29,1093.3,33.55656170384894
2015-07-28,1096.7,33.66091760780311
2015-07-27,1096.9,33.66705619038865
2015-07-24,1085.5,33.31715698301292
2015-07-23,1094.1,33.5811160341911
2015-07-22,1091.5,33.501314460579096
2015-07-21,1103.5,33.86962941571143
2015-07-20,1106.8,33.97091602837283
2015-07-17,1131.9,34.741308142857974
2015-07-16,1143.9,35.10962309799031
2015-07-15,1147.4,35.21704829323725
2015-07-14,1153.5,35.40427506209618
2015-07-13,1155.4,35.46259159665881
2015-07-10,1157.9,35.539323878978045
2015-07-09,1159.2,35.57922466578405
2015-07-08,1163.5,35.711204191373135
2015-07-07,1152.6,35.37665144046125
2015-07-06,1173.2,36.00892544677177
2015-07-03,1163.5,35.711204191373135
2015-07-02,1163.5,35.711204191373135
2015-07-01,1169.3,35.889223086353766
2015-06-30,1171.8,35.965955368673
2015-06-29,1179.0,36.1869443417524
2015-06-26,1173.2,36.00892544677177
2015-06-25,1171.8,35.965955368673
2015-06-24,1172.9,35.99971757289347
2015-06-23,1176.6,36.113281350725934
2015-06-22,1184.1,36.343478197683645
2015-06-19,1201.9,36.889812047796624
2015-06-18,1202.0,36.892881339089385
2015-06-17,1176.8,36.11941993331148
2015-06-16,1180.9,36.24526087631503
2015-06-15,1185.8,36.39565614966073
2015-06-12,1179.2,36.19308292433794
2015-06-11,1180.4,36.229914419851184
2015-06-10,1186.6,36.42021048000288
2015-06-09,1177.6,36.143974263653625
2015-06-08,1173.6,36.02120261194285
2015-06-05,1168.1,35.852391590840526
2015-06-04,1175.2,36.070311272627166
2015-06-03,1184.9,36.368032528025815
2015-06-02,1194.4,36.659615200838914
2015-06-01,1188.7,36.48466559715105
2015-05-29,1189.8,36.51842780137151
2015-05-28,1188.8,36.48773488844381
2015-05-27,1186.5,36.41714118871012
2015-05-26,1187.8,36.45704197551612
2015-05-25,1204.0,36.95426716494478
2015-05-22,1204.0,36.95426716494478
2015-05-21,1204.1,36.95733645623755
2015-05-20,1208.7,37.09852385570495
2015-05-19,1206.7,37.03713802984956
2015-05-18,1227.6,37.67861991003837
2015-05-15,1225.3,37.608026210304686
2015-05-14,1225.2,37.60495691901191
2015-05-13,1218.2,37.390106528518054
2015-05-12,1192.4,36.59822937498352
2015-05-11,1183.0,36.309715993463186
2015-05-08,1188.9,36.49080417973659
2015-05-07,1182.2,36.28516166312103
2015-05-06,1190.3,36.53377425783536
2015-05-05,1193.2,36.62278370532567
2015-05-04,1186.8,36.42634906258842
2015-05-01,1174.5,36.04882623357778
2015-04-30,1182.4,36.29130024570657
2015-04-29,1210.0,37.13842464251095
2015-04-28,1213.9,37.258127002928966
2015-04-27,1203.2,36.929712834602626
2015-04-24,1175.0,36.06417269004162
2015-04-23,1194.3,36.65654590954614
2015-04-22,1186.9,36.4294183538812
2015-04-21,1203.1,36.92664354330985
2015-04-20,1193.7,36.63813016178952
2015-04-17,1203.1,36.92664354330985
2015-04-16,1198.0,36.77010968737861
2015-04-15,1201.3,36.871396300040004
2015-04-14,1192.6,36.60436795756905
2015-04-13,1199.3,36.81001047418461
2015-04-10,1204.6,36.97268291270139
2015-04-09,1193.6,36.63506087049675
2015-04-08,1203.1,36.92664354330985
2015-04-07,1210.6,37.15684039026757
2015-04-06,1218.6,37.402383693689124
2015-04-03,1200.9,36.859119134868926
2015-04-02,1200.9,36.859119134868926
2015-04-01,1208.2,37.083177399241094
2015-03-31,1183.2,36.31585457604872
2015-03-30,1185.3,36.380309693196885
2015-03-27,1200.7,36.852980552283384
2015-03-26,1205.7,37.00644511692187
2015-03-25,1197.0,36.739416774450916
2015-03-24,1191.4,36.56753646205583
2015-03-23,1187.7,36.45397268422335
2015-03-20,1184.6,36.35882465414749
2015-03-19,1169.0,35.880015212475456
2015-03-18,1151.3,35.33675065365525
2015-03-17,1148.2,35.241602623579396
2015-03-16,1153.2,35.39506718821787
2015-03-13,1152.4,35.37051285787572
2015-03-12,1151.9,35.35516640141188
2015-03-11,1150.6,35.315265614605856
2015-03-10,1160.1,35.60684828741896
2015-03-09,1166.5,35.803282930156215
2015-03-06,1164.3,35.73575852171529
2015-03-05,1196.2,36.71486244410876
2015-03-04,1200.9,36.859119134868926
2015-03-03,1204.4,36.96654433011586
2015-03-02,1208.2,37.083177399241094
2015-02-27,1213.1,37.233572672586796
2015-02-26,1210.1,37.141493933803716
2015-02-25,1201.5,36.87753488262554
2015-02-24,1197.3,36.74862464832922
2015-02-23,1200.8,36.85604984357616
2015-02-20,1204.9,36.98189078657971
2015-02-19,1207.6,37.064761651484474
2015-02-18,1200.2,36.83763409581954
2015-02-17,1208.6,37.09545456441217
2015-02-16,1227.1,37.66327345357453
2015-02-13,1227.1,37.66327345357453
2015-02-12,1220.7,37.46683881083728
2015-02-11,1219.6,37.433076606616815
2015-02-10,1232.2,37.81980730950578
2015-02-09,1241.5,38.10525139973334
2015-02-06,1234.6,37.89347030053224
2015-02-05,1262.7,38.75594115380048
2015-02-04,1264.5,38.811188397070325
2015-02-03,1260.3,38.68227816277401
2015-02-02,1276.9,39.19178051737375
2015-01-30,1279.2,39.26237421710744
2015-01-29,1255.9,38.547229345892156
2015-01-28,1287.2,39.507917520529
2015-01-27,1292.9,39.68286712421687
2015-01-26,1279.4,39.268512799692985
2015-01-23,1292.6,39.67365925033855
2015-01-22,1300.7,39.92227184505288
2015-01-21,1293.7,39.70742145455902
2015-01-20,1294.2,39.72276791102287
2015-01-19,1276.9,39.19178051737375
2015-01-16,1276.9,39.19178051737375
2015-01-15,1264.8,38.820396270948635
2015-01-14,1234.5,37.89040100923948
2015-01-13,1234.4,37.887331717946715
2015-01-12,1232.8,37.8382230572624
2015-01-09,1216.1,37.32565141136988
2015-01-08,1208.5,37.092385273119405
2015-01-07,1210.7,37.159909681560336
2015-01-06,1219.4,37.42693802403129
2015-01-05,1204.0,36.95426716494478
2015-01-02,1186.2,36.40793331483181
2015-01-01,1184.1,36.343478197683645
2014-12-31,1184.1,36.343478197683645
2014-12-30,1200.4,36.84377267840508
2014-12-29,1181.9,36.27595378924272
2014-12-26,1195.3,36.68723882247383
2014-12-25,1173.5,36.01813332065009
2014-12-24,1173.5,36.01813332065009
2014-12-23,1178.0,36.15625142882471
2014-12-22,1179.8,36.211498672094564
2014-12-19,1196.0,36.70872386152322
2014-12-18,1194.8,36.671892366009985
2014-12-17,1194.5,36.66268449213168
2014-12-16,1194.3,36.65654590954614
2014-12-15,1207.7,37.067830942777256
2014-12-12,1222.5,37.522086054107135
2014-12-11,1225.6,37.61723408418298
2014-12-10,1229.4,37.73386715330823
2014-12-09,1232.0,37.81366872692024
2014-12-08,1194.9,36.67496165730276
2014-12-05,1190.4,36.53684354912813
2014-12-04,1207.7,37.067830942777256
2014-12-03,1208.7,37.09852385570495
2014-12-02,1199.4,36.81307976547739
2014-12-01,1218.1,37.38703723722527
2014-11-28,1175.5,36.079519146505476
2014-11-27,1197.5,36.75476323091476
2014-11-26,1197.5,36.75476323091476
2014-11-25,1197.8,36.76397110479307
2014-11-24,1196.6,36.72713960927983
2014-11-21,1197.7,36.7609018135003
2014-11-20,1190.9,36.55219000559198
2014-11-19,1193.9,36.64426874437506
2014-11-18,1197.1,36.74248606574368
2014-11-17,1183.5,36.32506244992703
2014-11-14,1185.6,36.38951756707519
2014-11-13,1161.5,35.649818365517746
2014-11-12,1159.1,35.576155374491265
2014-11-11,1163.0,35.69585773490929
2014-11-10,1159.8,35.59764041354066
2014-11-07,1169.8,35.904569542817605
2014-11-06,1142.6,35.0697223111843
2014-11-05,1145.7,35.16487034126016
2014-11-04,1167.7,35.840114425669455
2014-11-03,1169.8,35.904569542817605
2014-10-31,1171.6,35.95981678608746
2014-10-30,1198.6,36.78852543513522
2014-10-29,1224.9,37.595749045133616
2014-10-28,1229.4,37.73386715330823
2014-10-27,1229.3,37.730797862015464
2014-10-24,1231.8,37.807530144334706
2014-10-23,1229.1,37.72465927942992
2014-10-22,1245.5,38.22802305144412
2014-10-21,1251.7,38.418319111595835
2014-10-20,1244.7,38.20346872110197
2014-10-17,1239.0,38.0285191174141
2014-10-16,1241.2,38.09604352585504
2014-10-15,1244.8,38.20653801239473
2014-10-14,1234.3,37.88426242665393
2014-10-13,1230.0,37.75228290106485
2014-10-10,1221.7,37.49753172376498
2014-10-09,1225.3,37.608026210304686
2014-10-08,1206.0,37.01565299080017
2014-10-07,1212.4,37.21208763353742
2014-10-06,1207.3,37.05555377760617
2014-10-03,1192.9,36.61357583144737
2014-10-02,1215.1,37.294958498442185
2014-10-01,1215.5,37.30723566361328
2014-09-30,1211.6,37.18753330319526
2014-09-29,1218.8,37.40852227627467
2014-09-26,1215.4,37.30416637232051
2014-09-25,1221.9,37.50367030635052
2014-09-24,1219.5,37.430007315324055
2014-09-23,1222.0,37.506739597643296
2014-09-22,1217.9,37.38089865463974
2014-09-19,1216.6,37.340997867833735
2014-09-18,1226.9,37.657134870989005
2014-09-17,1235.9,37.93337108733825
2014-09-16,1236.7,37.95792541768041
2014-09-15,1235.1,37.90881675699609
2014-09-12,1231.5,37.798322270456396
2014-09-11,1239.0,38.0285191174141
2014-09-10,1245.3,38.22188446885858
2014-09-09,1248.5,38.320101790227206
2014-09-08,1254.3,38.49812068520784
2014-09-05,1267.3,38.897128553267876
2014-09-04,1266.5,38.872574222925714
2014-09-03,1270.3,38.989207292050956
2014-09-02,1265.0,38.82653485353418
2014-09-01,1287.4,39.51405610311455
2014-08-29,1287.4,39.51405610311455
2014-08-28,1290.4,39.60613484189763
2014-08-27,1283.4,39.39128445140377
2014-08-26,1285.2,39.44653169467361
2014-08-25,1278.9,39.25316634322914
2014-08-22,1280.2,39.29306713003514
2014-08-21,1275.4,39.14574114798221
2014-08-20,1295.2,39.75346082395057
2014-08-19,1296.7,39.799500193342105
2014-08-18,1299.3,39.879301766954114
2014-08-15,1306.2,40.091082866155205
2014-08-14,1315.7,40.38266553896831
2014-08-13,1314.5,40.34583404345508
2014-08-12,1310.6,40.22613168303707
2014-08-11,1310.5,40.2230623917443
2014-08-08,1311.0,40.238408848208145
2014-08-07,1312.5,40.28444821759969
2014-08-06,1308.2,40.15246869201059
2014-08-05,1285.3,39.449600985966384
2014-08-04,1288.9,39.56009547250609
2014-08-01,1294.8,39.741183658779484
2014-07-31,1282.8,39.37286870364714
2014-07-30,1296.9,39.80563877592765
2014-07-29,1300.5,39.91613326246735
2014-07-28,1305.8,40.07880570098413
2014-07-25,1305.3,40.06345924452028
2014-07-24,1292.7,39.67672854163133
2014-07-23,1306.5,40.100290740033515
2014-07-22,1308.0,40.14633010942506
2014-07-21,1315.5,40.376526956382776
2014-07-18,1309.4,40.189300187523834
2014-07-17,1316.9,40.419497034481545
2014-07-16,1299.8,39.89464822341796
2014-07-15,1297.1,39.811777358513176
2014-07-14,1306.7,40.10642932261906
2014-07-11,1337.4,41.048701749499294
2014-07-10,1339.2,41.10394899276915
2014-07-09,1324.3,40.64662459014649
2014-07-08,1316.5,40.40721986931047
2014-07-07,1317.0,40.42256632577431
2014-07-04,1320.6,40.53306081231402
2014-07-03,1320.6,40.53306081231402
2014-07-02,1330.9,40.849197815469275
2014-07-01,1326.6,40.717218289880186
2014-06-30,1322.0,40.576030890412795
2014-06-27,1320.0,40.514645064557406
2014-06-26,1317.0,40.42256632577431
2014-06-25,1322.6,40.59444663816941
2014-06-24,1321.3,40.55454585136341
2014-06-23,1318.4,40.46553640387309
