Unnamed: 0,buy,sell,date
1,34.3,34.1,2014-06-23
18,34.35,34.15,2014-06-24
38,34.45,34.25,2014-06-25
52,34.43,34.23,2014-06-26
66,34.45,34.25,2014-06-27
83,34.45,34.25,2014-06-28
84,34.85,34.65,2014-07-01
104,34.75,34.55,2014-07-02
112,34.72,34.52,2014-07-03
126,34.63,34.43,2014-07-04
137,34.6,34.4,2014-07-05
138,34.58,34.38,2014-07-07
158,34.65,34.45,2014-07-08
170,34.66,34.46,2014-07-09
184,34.88,34.68,2014-07-10
198,34.9,34.7,2014-07-11
207,34.9,34.7,2014-07-12
208,34.89,34.69,2014-07-14
228,34.7,34.5,2014-07-15
246,34.43,34.23,2014-07-16
260,34.48,34.28,2014-07-17
272,34.53,34.33,2014-07-18
285,34.52,34.32,2014-07-19
286,34.5,34.3,2014-07-21
303,34.62,34.42,2014-07-22
308,34.6,34.4,2014-07-23
318,34.52,34.32,2014-07-24
334,34.36,34.16,2014-07-25
336,34.45,34.25,2014-07-26
338,34.45,34.25,2014-07-28
352,34.4,34.2,2014-07-29
370,34.35,34.15,2014-07-30
378,34.32,34.12,2014-07-31
390,34.29,33.99,2014-08-01
393,34.3,34.05,2014-08-02
394,34.3,34.05,2014-08-04
405,34.2,34.0,2014-08-05
410,34.17,33.97,2014-08-06
418,34.39,34.19,2014-08-07
428,34.51,34.31,2014-08-08
447,34.5,34.3,2014-08-09
448,34.4,34.2,2014-08-11
456,34.4,34.2,2014-08-12
468,34.4,34.2,2014-08-13
470,34.45,34.25,2014-08-14
479,34.45,34.25,2014-08-15
483,34.4,34.2,2014-08-16
484,34.28,34.08,2014-08-18
495,34.31,34.11,2014-08-19
498,34.29,34.09,2014-08-20
502,34.25,34.05,2014-08-21
516,34.02,33.82,2014-08-22
534,34.04,33.84,2014-08-23
536,34.02,33.82,2014-08-25
552,33.97,33.77,2014-08-26
574,33.95,33.75,2014-08-27
588,33.97,33.77,2014-08-28
604,34.02,33.82,2014-08-29
611,34.02,33.82,2014-08-30
616,33.83,33.63,2014-09-03
620,33.82,33.62,2014-09-04
630,33.64,33.44,2014-09-05
651,33.63,33.43,2014-09-06
652,33.63,33.43,2014-09-08
664,33.52,33.32,2014-09-09
682,33.47,33.27,2014-09-10
700,33.24,33.04,2014-09-11
716,33.15,32.95,2014-09-12
728,33.03,32.83,2014-09-13
732,32.99,32.79,2014-09-15
750,33.1,32.9,2014-09-16
774,33.05,32.85,2014-09-17
790,32.8,32.6,2014-09-18
808,32.75,32.55,2014-09-19
827,32.75,32.55,2014-09-20
828,32.7,32.5,2014-09-22
850,32.65,32.45,2014-09-23
866,32.65,32.45,2014-09-24
878,32.58,32.38,2014-09-25
900,32.62,32.42,2014-09-26
909,32.58,32.38,2014-09-27
910,32.55,32.35,2014-09-29
924,32.44,32.24,2014-09-30
944,32.25,32.05,2014-10-01
972,32.4,32.2,2014-10-02
992,32.32,32.12,2014-10-03
1006,32.18,31.98,2014-10-04
1011,32.18,31.98,2014-10-05
1012,32.14,31.94,2014-10-06
1040,32.25,32.05,2014-10-07
1058,32.32,32.12,2014-10-08
1070,32.6,32.4,2014-10-09
1091,32.6,32.4,2014-10-10
1109,32.58,32.38,2014-10-11
1113,32.5,32.3,2014-10-13
1137,32.65,32.45,2014-10-14
1155,32.6,32.4,2014-10-15
1171,32.8,32.6,2014-10-16
1189,32.75,32.55,2014-10-17
1203,32.82,32.62,2014-10-18
1207,32.8,32.6,2014-10-20
1225,33.02,32.82,2014-10-21
1251,33.0,32.8,2014-10-22
1267,32.9,32.7,2014-10-23
1277,32.82,32.62,2014-10-24
1294,32.75,32.55,2014-10-25
1295,32.75,32.55,2014-10-27
1307,32.7,32.5,2014-10-28
1319,32.71,32.51,2014-10-29
1327,32.54,32.34,2014-10-30
1339,32.25,32.05,2014-10-31
1365,31.7,31.5,2014-11-01
1370,31.7,31.5,2014-11-02
1371,31.6,31.4,2014-11-03
1391,31.62,31.42,2014-11-04
1401,31.42,31.22,2014-11-05
1429,31.07,30.87,2014-11-06
1453,31.08,30.88,2014-11-07
1486,31.4,31.2,2014-11-08
1489,31.5,31.3,2014-11-10
1501,31.42,31.22,2014-11-11
1517,31.28,31.08,2014-11-12
1527,31.3,31.1,2014-11-13
1563,31.28,31.08,2014-11-14
1591,31.7,31.3,2014-11-15
1597,31.72,31.52,2014-11-17
1611,31.69,31.49,2014-11-18
1629,32.0,31.8,2014-11-19
1647,31.85,31.65,2014-11-20
1665,31.94,31.74,2014-11-21
1690,32.18,31.98,2014-11-22
1691,32.14,31.94,2014-11-24
1707,32.12,31.92,2014-11-25
1723,32.1,31.9,2014-11-26
1733,32.14,31.94,2014-11-27
1759,31.92,31.72,2014-11-28
1777,31.62,31.42,2014-11-29
1783,31.8,31.6,2014-12-01
1807,32.18,31.98,2014-12-02
1839,32.06,31.86,2014-12-03
1859,32.15,31.95,2014-12-04
1871,32.13,31.93,2014-12-05
1883,32.02,31.82,2014-12-06
1891,32.04,31.84,2014-12-08
1903,32.14,31.94,2014-12-09
1919,32.6,32.4,2014-12-10
1935,32.56,32.36,2014-12-11
1951,32.5,32.3,2014-12-12
1968,32.56,32.36,2014-12-13
1969,32.54,32.34,2014-12-15
1991,32.38,32.18,2014-12-16
2007,32.38,32.18,2014-12-17
2021,32.35,32.15,2014-12-18
2041,32.35,32.15,2014-12-19
2056,32.35,32.15,2014-12-20
2057,32.33,32.13,2014-12-22
2069,32.1,31.9,2014-12-23
2081,32.03,31.83,2014-12-24
2083,31.98,31.78,2014-12-25
2087,32.01,31.81,2014-12-26
2102,32.25,32.05,2014-12-27
2103,32.25,32.05,2014-12-29
2107,32.08,31.88,2014-12-30
2121,32.34,32.14,2014-12-31
2128,32.18,31.98,2015-01-01
2129,32.17,31.92,2015-01-02
2138,32.17,31.92,2015-01-03
2139,32.28,32.03,2015-01-05
2155,32.45,32.2,2015-01-06
2167,32.65,32.4,2015-01-07
2185,32.63,32.38,2015-01-08
2197,32.55,32.3,2015-01-09
2207,32.79,32.54,2015-01-10
2209,32.95,32.7,2015-01-12
2219,33.09,32.84,2015-01-13
2229,32.97,32.67,2015-01-14
2239,32.97,32.72,2015-01-15
2249,33.62,33.37,2015-01-16
2265,33.79,33.54,2015-01-17
2267,33.85,33.6,2015-01-19
2275,33.98,33.63,2015-01-20
2287,34.22,33.87,2015-01-21
2309,34.35,34.0,2015-01-22
2321,34.45,34.1,2015-01-23
2332,34.44,34.09,2015-01-24
2333,34.45,34.1,2015-01-26
2345,34.13,33.78,2015-01-27
2359,34.25,33.9,2015-01-28
2371,34.17,33.82,2015-01-29
2385,33.75,33.4,2015-01-30
2392,34.23,33.88,2015-01-31
2393,34.02,33.67,2015-02-02
2403,33.9,33.55,2015-02-03
2417,33.88,33.53,2015-02-04
2421,33.99,33.64,2015-02-05
2431,33.87,33.52,2015-02-06
2443,33.35,33.0,2015-02-07
2445,33.25,32.9,2015-02-09
2455,33.4,33.05,2015-02-10
2465,33.33,32.98,2015-02-11
2467,32.99,32.64,2015-02-12
2479,33.04,32.69,2015-02-13
2501,33.29,32.94,2015-02-14
2506,33.48,33.13,2015-02-16
2509,33.0,32.6,2015-02-24
2519,33.1,32.7,2015-02-25
2531,33.24,32.84,2015-02-26
2547,33.25,32.85,2015-02-27
2565,33.4,33.0,2015-02-28
2577,33.03,32.68,2015-03-02
2587,32.94,32.59,2015-03-03
2601,32.84,32.49,2015-03-04
2607,32.73,32.38,2015-03-05
2618,32.57,32.22,2015-03-06
2621,31.97,31.62,2015-03-07
2629,32.05,31.7,2015-03-09
2647,32.05,31.7,2015-03-10
2663,31.95,31.6,2015-03-11
2673,31.7,31.35,2015-03-12
2689,31.67,31.32,2015-03-13
2701,31.8,31.4,2015-03-14
2705,31.8,31.4,2015-03-16
2729,31.7,31.3,2015-03-17
2739,31.7,31.3,2015-03-18
2761,31.82,31.42,2015-03-19
2775,31.94,31.54,2015-03-20
2787,32.15,31.75,2015-03-21
2789,32.17,31.77,2015-03-23
2807,32.35,31.95,2015-03-24
2825,32.27,31.87,2015-03-25
2841,32.3,31.9,2015-03-26
2860,32.54,32.14,2015-03-27
2874,32.47,32.07,2015-03-28
2875,32.41,32.01,2015-03-30
2891,32.19,31.79,2015-03-31
2907,32.32,31.92,2015-04-01
2919,32.52,32.12,2015-04-02
2936,32.48,32.08,2015-04-03
2939,32.6,32.2,2015-04-04
2948,32.8,32.4,2015-04-06
2959,32.7,32.3,2015-04-07
2971,32.7,32.3,2015-04-08
2981,32.46,32.06,2015-04-09
2997,32.47,32.07,2015-04-10
3011,32.65,32.25,2015-04-11
3015,32.65,32.25,2015-04-13
3027,32.54,32.14,2015-04-14
3041,32.47,32.07,2015-04-15
3055,32.67,32.27,2015-04-16
3071,32.57,32.17,2015-04-17
3081,32.67,32.27,2015-04-18
3087,32.67,32.27,2015-04-20
3101,32.5,32.1,2015-04-21
3123,32.57,32.17,2015-04-22
3140,32.35,31.95,2015-04-23
3145,32.43,32.03,2015-04-24
3155,32.2,31.8,2015-04-25
3159,32.2,31.8,2015-04-27
3175,32.52,32.12,2015-04-28
3177,32.8,32.4,2015-04-29
3182,32.6,32.2,2015-04-30
3185,32.2,31.8,2015-05-02
3187,32.21,31.81,2015-05-04
3199,32.27,31.87,2015-05-05
3203,32.37,31.97,2015-05-06
3211,32.37,31.97,2015-05-07
3225,32.3,31.9,2015-05-08
3236,32.37,31.97,2015-05-09
3237,32.4,32.0,2015-05-11
3249,32.32,31.92,2015-05-12
3259,32.42,32.02,2015-05-13
3269,32.73,32.33,2015-05-14
3281,32.77,32.37,2015-05-15
3290,32.87,32.47,2015-05-16
3291,32.95,32.55,2015-05-18
3307,32.95,32.6,2015-05-19
3323,32.77,32.42,2015-05-20
3336,32.77,32.42,2015-05-21
3341,32.77,32.42,2015-05-22
3356,32.77,32.42,2015-05-23
3357,32.77,32.42,2015-05-25
3367,32.77,32.42,2015-05-26
3377,32.57,32.22,2015-05-27
3388,32.55,32.2,2015-05-28
3389,32.54,32.19,2015-05-29
3396,32.55,32.2,2015-05-30
3400,32.49,32.14,2015-06-01
3403,32.53,32.18,2015-06-02
3411,32.52,32.17,2015-06-03
3423,32.47,32.12,2015-06-04
3433,32.24,31.89,2015-06-05
3445,32.13,31.78,2015-06-06
3447,32.2,31.85,2015-06-08
3457,32.19,31.84,2015-06-09
3469,32.2,31.85,2015-06-10
3487,32.25,31.9,2015-06-11
3499,32.23,31.88,2015-06-12
3512,32.22,31.87,2015-06-13
3513,32.21,31.86,2015-06-15
3525,32.23,31.88,2015-06-16
3529,32.2,31.85,2015-06-17
3531,32.23,31.88,2015-06-18
3549,32.4,32.05,2015-06-19
3551,32.4,32.05,2015-06-20
3557,32.36,32.01,2015-06-22
3573,32.3,31.95,2015-06-23
3587,32.17,31.82,2015-06-24
3595,32.12,31.77,2015-06-25
3607,32.12,31.77,2015-06-26
3619,32.13,31.78,2015-06-27
3621,32.22,31.87,2015-06-29
3639,32.22,31.87,2015-06-30
3653,32.13,31.78,2015-07-01
3659,31.95,31.6,2015-07-02
3671,31.9,31.55,2015-07-03
3680,31.91,31.56,2015-07-04
3681,31.95,31.6,2015-07-06
3693,31.93,31.58,2015-07-07
3697,31.67,31.32,2015-07-08
3715,31.63,31.28,2015-07-09
3731,31.69,31.34,2015-07-10
3747,31.72,31.37,2015-07-11
3749,31.68,31.33,2015-07-13
3763,31.64,31.29,2015-07-14
3775,31.6,31.25,2015-07-15
3787,31.36,31.01,2015-07-16
3821,31.33,30.98,2015-07-17
3847,31.17,30.82,2015-07-18
3851,30.8,30.45,2015-07-20
3869,30.71,30.36,2015-07-21
3885,30.54,30.19,2015-07-22
3893,30.41,30.06,2015-07-23
3907,30.15,29.8,2015-07-24
3921,30.18,29.83,2015-07-25
3923,30.26,29.91,2015-07-27
3936,30.18,29.83,2015-07-28
3939,30.22,29.87,2015-07-29
3963,30.05,29.7,2015-07-30
3979,29.9,29.55,2015-07-31
3991,30.1,29.75,2015-08-01
3997,30.0,29.65,2015-08-03
4009,29.85,29.5,2015-08-04
4023,29.9,29.55,2015-08-05
4036,29.85,29.5,2015-08-06
4041,29.95,29.6,2015-08-07
4048,30.0,29.65,2015-08-08
4049,30.0,29.65,2015-08-10
4063,30.25,29.9,2015-08-11
4083,30.9,30.5,2015-08-12
4113,31.1,30.7,2015-08-13
4145,31.07,30.7,2015-08-14
4157,31.15,30.75,2015-08-15
4161,31.15,30.75,2015-08-17
4171,31.14,30.74,2015-08-18
4181,31.05,30.65,2015-08-19
4199,31.7,31.3,2015-08-20
4215,32.57,32.17,2015-08-21
4240,32.57,32.17,2015-08-22
4241,32.42,32.02,2015-08-24
4255,32.52,32.12,2015-08-25
4267,32.1,31.7,2015-08-26
4287,31.9,31.5,2015-08-27
4299,31.75,31.35,2015-08-28
4312,31.9,31.5,2015-08-29
4313,31.84,31.44,2015-08-31
4323,31.92,31.52,2015-09-01
4326,31.92,31.52,2015-09-02
4327,31.83,31.43,2015-09-03
4341,31.71,31.31,2015-09-04
4354,31.71,31.31,2015-09-05
4355,31.71,31.31,2015-09-07
4369,31.69,31.29,2015-09-08
4378,31.67,31.27,2015-09-09
4379,31.33,30.93,2015-09-10
4393,31.37,30.97,2015-09-11
4411,31.34,30.94,2015-09-12
4417,31.29,30.89,2015-09-14
4427,31.29,30.89,2015-09-15
4433,31.22,30.82,2015-09-16
4453,31.46,31.06,2015-09-17
4467,31.69,31.29,2015-09-18
4484,31.81,31.41,2015-09-19
4485,31.81,31.41,2015-09-21
4491,31.77,31.37,2015-09-22
4499,31.64,31.24,2015-09-23
4533,31.74,31.34,2015-09-24
4547,32.02,31.62,2015-09-25
4558,31.99,31.59,2015-09-26
4559,31.95,31.55,2015-09-28
4571,31.77,31.37,2015-09-29
4584,31.56,31.16,2015-09-30
4587,31.41,31.01,2015-10-01
4593,31.36,30.96,2015-10-02
4609,31.71,31.31,2015-10-03
4611,31.72,31.32,2015-10-05
4619,31.71,31.31,2015-10-06
4621,31.84,31.44,2015-10-07
4629,31.68,31.28,2015-10-08
4639,31.68,31.28,2015-10-09
4657,31.91,31.51,2015-10-10
4660,31.89,31.49,2015-10-12
4673,32.05,31.65,2015-10-13
4691,32.4,32.0,2015-10-14
4699,32.52,32.12,2015-10-15
4713,32.39,31.99,2015-10-16
4727,32.34,31.94,2015-10-17
4731,32.33,31.93,2015-10-19
4749,32.31,31.91,2015-10-20
4762,32.34,31.94,2015-10-21
4765,32.26,31.86,2015-10-22
4773,32.27,31.92,2015-10-23
4788,32.33,31.98,2015-10-24
4791,32.08,31.73,2015-10-26
4797,32.08,31.73,2015-10-27
4807,32.08,31.73,2015-10-28
4823,31.98,31.63,2015-10-29
4827,31.74,31.39,2015-10-30
4840,31.72,31.37,2015-10-31
4842,31.6,31.25,2015-11-02
4859,31.45,31.1,2015-11-03
4863,31.2,30.85,2015-11-04
4881,30.9,30.55,2015-11-05
4897,30.97,30.62,2015-11-06
4923,30.65,30.3,2015-11-07
4931,30.84,30.49,2015-11-09
4946,30.85,30.5,2015-11-10
4949,30.85,30.5,2015-11-11
4957,30.8,30.45,2015-11-12
4967,30.68,30.33,2015-11-13
4969,30.69,30.34,2015-11-14
4971,30.75,30.4,2015-11-16
4989,30.71,30.36,2015-11-17
5001,30.45,30.1,2015-11-18
5007,30.6,30.25,2015-11-19
5019,30.65,30.3,2015-11-20
5037,30.6,30.25,2015-11-21
5049,30.5,30.15,2015-11-23
5087,30.46,30.11,2015-11-24
5101,30.5,30.15,2015-11-25
5113,30.36,30.01,2015-11-26
5117,30.31,29.96,2015-11-27
5143,30.15,29.8,2015-11-28
5145,30.12,29.77,2015-11-30
5151,30.17,29.82,2015-12-01
5175,30.16,29.81,2015-12-02
5177,29.86,29.51,2015-12-03
5203,30.07,29.72,2015-12-04
5224,30.48,30.13,2015-12-05
5227,30.54,30.19,2015-12-07
5239,30.43,30.08,2015-12-08
5269,30.5,30.15,2015-12-09
5280,30.44,30.09,2015-12-10
5283,30.35,30.0,2015-12-11
5306,30.4,30.05,2015-12-12
5307,30.42,30.07,2015-12-14
5321,30.25,29.9,2015-12-15
5357,30.22,29.87,2015-12-16
5371,30.33,29.98,2015-12-17
5385,30.14,29.79,2015-12-18
5400,30.35,30.0,2015-12-19
5401,30.35,30.0,2015-12-21
5411,30.5,30.15,2015-12-22
5423,30.51,30.16,2015-12-23
5439,30.42,30.07,2015-12-24
5452,30.52,30.17,2015-12-25
5457,30.54,30.19,2015-12-26
5461,30.43,30.08,2015-12-28
5463,30.34,29.99,2015-12-29
5485,30.34,29.99,2015-12-30
5506,30.25,29.9,2015-12-31
5511,30.25,29.9,2016-01-01
5515,30.25,29.9,2016-01-02
5517,30.32,29.97,2016-01-04
5537,30.47,30.12,2016-01-05
5547,30.47,30.12,2016-01-06
5557,30.8,30.45,2016-01-07
5594,30.85,30.5,2016-01-08
5597,30.85,30.5,2016-01-09
5601,30.98,30.63,2016-01-11
5626,30.9,30.55,2016-01-12
5628,30.73,30.38,2016-01-13
5637,30.69,30.29,2016-01-14
5641,30.52,30.12,2016-01-15
5673,30.68,30.28,2016-01-16
5683,30.74,30.34,2016-01-18
5685,30.69,30.29,2016-01-19
5707,30.69,30.29,2016-01-20
5745,30.88,30.48,2016-01-21
5761,30.89,30.49,2016-01-22
5771,30.88,30.48,2016-01-23
5773,30.88,30.48,2016-01-25
5787,30.96,30.56,2016-01-26
5791,31.12,30.72,2016-01-27
5803,31.08,30.68,2016-01-28
5815,31.13,30.73,2016-01-29
5824,31.15,30.75,2016-01-30
5825,31.18,30.78,2016-02-01
5835,31.3,30.9,2016-02-02
5837,31.34,30.94,2016-02-03
5849,31.65,31.25,2016-02-04
5855,32.05,31.65,2016-02-05
5858,32.57,32.17,2016-02-06
5859,33.1,32.7,2016-02-11
5867,33.7,33.3,2016-02-12
5872,33.9,33.4,2016-02-13
5873,33.8,33.4,2016-02-15
5881,33.0,32.6,2016-02-16
5897,32.8,32.4,2016-02-17
5905,32.95,32.55,2016-02-18
5913,33.27,32.87,2016-02-19
5924,33.3,32.9,2016-02-20
5925,33.3,32.9,2016-02-22
5935,33.1,32.7,2016-02-23
5943,33.37,32.97,2016-02-24
5965,33.56,33.16,2016-02-25
5975,33.58,33.18,2016-02-26
5986,33.45,33.05,2016-02-27
5987,33.4,33.0,2016-02-29
6001,33.5,33.1,2016-03-01
6013,33.48,33.08,2016-03-02
6015,33.55,33.15,2016-03-03
6023,33.98,33.53,2016-03-04
6050,33.98,33.53,2016-03-05
6051,34.05,33.6,2016-03-07
6070,34.05,33.6,2016-03-08
6099,33.95,33.45,2016-03-09
6107,33.77,33.32,2016-03-10
6119,34.1,33.65,2016-03-11
6138,33.95,33.5,2016-03-12
6139,33.86,33.41,2016-03-14
6151,33.7,33.25,2016-03-15
6163,33.7,33.25,2016-03-16
6173,33.89,33.44,2016-03-17
6187,33.89,33.44,2016-03-18
6194,33.85,33.4,2016-03-19
6196,33.79,33.34,2016-03-21
6211,33.66,33.21,2016-03-22
6225,33.63,33.18,2016-03-23
6231,33.38,32.93,2016-03-24
6243,33.36,32.91,2016-03-25
6252,33.34,32.94,2016-03-26
6253,33.16,32.76,2016-03-28
6267,33.17,32.77,2016-03-29
6271,33.39,32.99,2016-03-30
6281,33.18,32.78,2016-03-31
6299,33.18,32.78,2016-04-01
6305,33.1,32.7,2016-04-02
6310,33.11,32.71,2016-04-04
6313,33.13,32.73,2016-04-05
6327,33.16,32.76,2016-04-06
6333,33.16,32.76,2016-04-07
6348,33.2,32.85,2016-04-08
6352,33.2,32.85,2016-04-09
6353,33.3,32.95,2016-04-11
6367,33.44,33.04,2016-04-12
6385,33.55,33.15,2016-04-13
6389,33.4,33.0,2016-04-14
6407,33.25,32.85,2016-04-15
6410,33.36,32.96,2016-04-16
6411,33.37,32.97,2016-04-18
6413,33.41,33.01,2016-04-19
6429,33.49,33.09,2016-04-20
6435,33.5,33.1,2016-04-21
6451,33.45,33.05,2016-04-22
6455,33.35,32.95,2016-04-23
6457,33.32,32.92,2016-04-25
6467,33.31,32.91,2016-04-26
6469,33.37,32.97,2016-04-27
6475,33.52,33.12,2016-04-28
6493,33.78,33.38,2016-04-29
6504,34.25,33.75,2016-04-30
6506,34.32,33.92,2016-05-02
6508,34.32,33.92,2016-05-03
6509,34.23,33.83,2016-05-04
6525,33.94,33.54,2016-05-05
6527,33.94,33.54,2016-05-06
6535,34.23,33.83,2016-05-07
6537,34.15,33.75,2016-05-09
6545,34.85,33.45,2016-05-10
6561,34.04,33.64,2016-05-11
6565,34.09,33.69,2016-05-12
6574,34.13,33.73,2016-05-13
6577,34.11,33.71,2016-05-14
6582,34.23,33.83,2016-05-16
6587,34.21,33.81,2016-05-17
6599,34.19,33.79,2016-05-18
6611,33.99,33.59,2016-05-19
6627,34.0,33.6,2016-05-20
6632,33.99,33.59,2016-05-21
6633,33.96,33.56,2016-05-23
6641,33.86,33.46,2016-05-24
6653,33.5,33.1,2016-05-25
6665,33.48,33.08,2016-05-26
6677,33.36,32.96,2016-05-27
6679,33.4,33.0,2016-05-28
6685,33.25,32.85,2016-05-30
6704,33.34,32.94,2016-05-31
6709,33.4,33.0,2016-06-01
6719,33.4,33.0,2016-06-02
6722,33.36,32.96,2016-06-03
6723,33.68,33.28,2016-06-04
6728,33.63,33.23,2016-06-06
6729,33.65,33.25,2016-06-07
6737,33.58,33.18,2016-06-08
6747,33.8,33.4,2016-06-09
6763,33.94,33.54,2016-06-10
6767,33.98,33.58,2016-06-11
6775,34.23,33.83,2016-06-13
6779,34.27,33.87,2016-06-14
6787,34.24,33.84,2016-06-15
6797,34.6,34.2,2016-06-16
6815,34.38,33.98,2016-06-17
6837,34.78,34.38,2016-06-18
6845,34.46,34.06,2016-06-20
6863,34.4,34.0,2016-06-21
6883,34.18,33.78,2016-06-22
6895,34.05,33.65,2016-06-23
6907,35.14,34.34,2016-06-24
6936,35.14,34.44,2016-06-25
6937,35.34,34.64,2016-06-27
6953,35.29,34.69,2016-06-28
6967,35.26,34.81,2016-06-29
6979,35.19,34.79,2016-06-30
6993,35.29,34.89,2016-07-01
7010,35.78,35.38,2016-07-02
7011,36.6,35.9,2016-07-04
7039,36.8,36.2,2016-07-05
7045,37.7,36.8,2016-07-06
7073,37.25,36.55,2016-07-07
7093,37.05,36.25,2016-07-08
7108,37.29,36.49,2016-07-09
7109,37.29,36.49,2016-07-11
7125,36.95,36.35,2016-07-12
7135,36.45,35.9,2016-07-13
7159,36.45,35.9,2016-07-14
7171,36.2,35.7,2016-07-15
7195,36.3,35.75,2016-07-16
7197,36.1,35.6,2016-07-18
7205,36.15,35.65,2016-07-19
7219,36.15,35.65,2016-07-20
7221,35.9,35.5,2016-07-21
7238,35.99,35.59,2016-07-22
7244,35.99,35.59,2016-07-23
7247,35.85,35.45,2016-07-25
7249,35.85,35.45,2016-07-26
7269,35.85,35.45,2016-07-27
7273,36.1,35.7,2016-07-28
7291,36.15,35.75,2016-07-29
7308,36.35,35.95,2016-07-30
7311,36.4,36.0,2016-08-01
7315,36.55,36.15,2016-08-02
7335,36.8,36.4,2016-08-03
7341,36.65,36.25,2016-08-04
7354,36.8,36.4,2016-08-05
7357,36.45,36.05,2016-08-06
7362,36.45,36.05,2016-08-08
7365,36.4,36.0,2016-08-09
7375,36.5,36.1,2016-08-10
7395,36.5,36.1,2016-08-11
7406,36.4,36.0,2016-08-12
7409,36.4,36.0,2016-08-13
7413,36.4,36.0,2016-08-15
7425,36.5,36.1,2016-08-16
7446,36.45,36.05,2016-08-17
7449,36.5,36.1,2016-08-18
7455,36.5,36.1,2016-08-19
7464,36.5,36.1,2016-08-20
7466,36.4,36.0,2016-08-22
7467,36.4,36.0,2016-08-23
7477,36.4,36.0,2016-08-24
7485,36.15,35.75,2016-08-25
7500,36.2,35.8,2016-08-26
7503,36.1,35.7,2016-08-27
7511,36.1,35.7,2016-08-29
7547,36.15,35.75,2016-08-30
7555,35.98,35.58,2016-08-31
7570,35.75,35.35,2016-09-01
7574,35.95,35.55,2016-09-02
7576,36.0,35.6,2016-09-03
7578,36.05,35.65,2016-09-05
7603,36.05,35.65,2016-09-06
7613,36.5,36.1,2016-09-07
7631,36.45,36.05,2016-09-08
7633,36.35,35.95,2016-09-09
7640,36.2,35.9,2016-09-10
7641,36.2,35.8,2016-09-12
7649,36.25,35.85,2016-09-13
7655,36.07,35.67,2016-09-14
7673,36.1,35.7,2016-09-15
7679,36.01,35.61,2016-09-16
7712,36.0,35.6,2016-09-17
7713,36.0,35.6,2016-09-19
7725,36.02,35.62,2016-09-20
7735,36.02,35.62,2016-09-21
7751,36.25,35.85,2016-09-22
7753,36.35,35.95,2016-09-23
7758,36.3,35.9,2016-09-24
7759,36.3,35.9,2016-09-26
7772,36.2,35.8,2016-09-27
7775,36.12,35.72,2016-09-28
7779,36.1,35.7,2016-09-29
7783,36.1,35.7,2016-09-30
7791,36.08,35.68,2016-10-01
7793,36.05,35.65,2016-10-03
7803,35.99,35.59,2016-10-04
7815,34.99,34.59,2016-10-05
7839,34.88,34.48,2016-10-06
7851,34.8,34.4,2016-10-07
7869,34.8,34.4,2016-10-08
7871,34.94,34.54,2016-10-10
7895,34.9,34.5,2016-10-11
7911,34.85,34.45,2016-10-12
7923,34.8,34.4,2016-10-13
7934,34.85,34.45,2016-10-14
7938,34.8,34.4,2016-10-15
7939,34.76,34.36,2016-10-17
7945,34.76,34.36,2016-10-18
7959,34.96,34.56,2016-10-19
7974,34.95,34.55,2016-10-20
7977,34.95,34.55,2016-10-21
7983,34.92,34.52,2016-10-22
7985,34.89,34.49,2016-10-24
7993,34.95,34.55,2016-10-25
8033,34.99,34.59,2016-10-26
8043,34.89,34.49,2016-10-27
8055,34.89,34.49,2016-10-28
8068,34.99,34.59,2016-10-29
8069,35.09,34.69,2016-10-31
8075,34.99,34.59,2016-11-01
8085,35.39,34.99,2016-11-02
8105,35.7,35.3,2016-11-03
8127,35.7,35.3,2016-11-04
8141,35.65,35.25,2016-11-05
8147,35.5,35.1,2016-11-07
8161,35.25,34.85,2016-11-08
8167,35.99,35.54,2016-11-09
8197,35.4,35.0,2016-11-10
8217,34.88,34.48,2016-11-11
8237,34.21,33.81,2016-11-12
8243,33.86,33.46,2016-11-14
8261,34.25,33.85,2016-11-15
8279,34.35,33.95,2016-11-16
8293,34.35,33.95,2016-11-17
8303,34.06,33.66,2016-11-18
8320,34.1,33.7,2016-11-19
8322,34.18,33.78,2016-11-21
8331,34.35,33.95,2016-11-22
8349,34.19,33.79,2016-11-23
8359,33.95,33.55,2016-11-24
8371,33.8,33.4,2016-11-25
8388,33.8,33.4,2016-11-26
8389,33.98,33.58,2016-11-28
8399,33.95,33.55,2016-11-29
8411,33.92,33.52,2016-11-30
8419,33.58,33.18,2016-12-01
8435,33.6,33.2,2016-12-02
8457,33.75,33.35,2016-12-03
8465,33.9,33.5,2016-12-05
8479,34.02,33.62,2016-12-06
8497,33.95,33.55,2016-12-07
8507,34.07,33.67,2016-12-08
8519,33.85,33.45,2016-12-09
8537,33.75,33.35,2016-12-10
8541,33.8,33.4,2016-12-12
8558,33.87,33.47,2016-12-13
8567,33.84,33.44,2016-12-14
8577,33.42,32.92,2016-12-15
8585,33.35,32.85,2016-12-16
8599,33.42,32.92,2016-12-17
8601,33.49,32.99,2016-12-19
8613,33.49,32.99,2016-12-20
8623,33.4,32.9,2016-12-21
8635,33.32,32.82,2016-12-22
8645,33.21,32.66,2016-12-23
8655,33.21,32.66,2016-12-24
8663,33.3,32.7,2016-12-26
8665,33.19,32.64,2016-12-27
8678,33.35,32.8,2016-12-28
8681,33.4,32.85,2016-12-29
8691,33.61,33.06,2016-12-30
8702,33.6,33.05,2016-12-31
8706,33.6,33.05,2017-01-02
8707,33.7,33.15,2017-01-03
8717,33.66,33.11,2017-01-04
8723,34.02,33.47,2017-01-05
8741,33.95,33.45,2017-01-06
8752,33.95,33.45,2017-01-07
8753,33.99,33.49,2017-01-09
8761,33.95,33.45,2017-01-10
8775,34.02,33.52,2017-01-11
8787,34.16,33.66,2017-01-12
8805,34.18,33.68,2017-01-13
8816,34.3,33.8,2017-01-14
8819,34.3,33.8,2017-01-16
8831,34.52,34.02,2017-01-17
8846,34.6,34.1,2017-01-18
8849,34.45,33.95,2017-01-19
8859,34.48,33.98,2017-01-20
8867,34.59,34.09,2017-01-21
8869,34.8,34.3,2017-01-23
8879,35.15,34.25,2017-01-24
8890,35.1,34.3,2017-01-25
8891,35.8,34.9,2017-02-01
8895,35.75,34.85,2017-02-02
8909,35.7,34.8,2017-02-03
8925,35.9,34.9,2017-02-04
8927,36.0,35.0,2017-02-06
8939,35.15,34.65,2017-02-07
8947,34.98,34.48,2017-02-08
8957,35.05,34.55,2017-02-09
8969,34.84,34.34,2017-02-10
8982,35.0,34.5,2017-02-11
8983,34.95,34.45,2017-02-13
8995,34.71,34.26,2017-02-14
9001,34.7,34.25,2017-02-15
9005,34.95,34.5,2017-02-16
9017,34.85,34.4,2017-02-17
9021,34.85,34.4,2017-02-18
9023,34.85,34.4,2017-02-20
9035,34.85,34.4,2017-02-21
9039,34.9,34.4,2017-02-22
9043,34.85,34.4,2017-02-23
9045,35.1,34.6,2017-02-24
9052,35.1,34.6,2017-02-25
9053,35.1,34.6,2017-02-27
9061,34.98,34.48,2017-02-28
9063,34.9,34.45,2017-03-01
9075,34.95,34.5,2017-03-02
9077,34.8,34.35,2017-03-03
9083,34.8,34.35,2017-03-04
9099,34.8,34.35,2017-03-06
9112,34.65,34.2,2017-03-07
9115,34.5,34.05,2017-03-08
9125,34.3,33.85,2017-03-09
9135,34.19,33.74,2017-03-10
9147,34.2,33.75,2017-03-11
9149,34.15,33.7,2017-03-13
9162,34.14,33.69,2017-03-14
9174,34.1,33.65,2017-03-15
9179,34.45,34.0,2017-03-16
9195,34.5,34.05,2017-03-17
9204,34.5,34.05,2017-03-18
9205,34.6,34.15,2017-03-20
9215,34.6,34.15,2017-03-21
9223,34.9,34.4,2017-03-22
9233,34.8,34.3,2017-03-23
9243,34.75,34.3,2017-03-24
9254,34.75,34.3,2017-03-25
9255,34.99,34.49,2017-03-27
9267,34.99,34.49,2017-03-28
9278,34.95,34.45,2017-03-29
9281,34.95,34.45,2017-03-30
9290,34.9,34.4,2017-03-31
9300,34.9,34.4,2017-04-01
9301,34.9,34.4,2017-04-03
9311,35.15,34.65,2017-04-04
9325,34.98,34.48,2017-04-05
9335,34.98,34.48,2017-04-06
9337,34.98,34.48,2017-04-07
9344,35.1,34.6,2017-04-08
9345,35.03,34.53,2017-04-10
9360,35.03,34.53,2017-04-11
9363,35.68,35.18,2017-04-12
9371,35.6,35.1,2017-04-13
9381,35.69,35.19,2017-04-14
9395,35.85,35.35,2017-04-15
9397,36.09,35.59,2017-04-17
9417,35.7,35.2,2017-04-18
9423,35.71,35.21,2017-04-19
9433,35.69,35.19,2017-04-20
9443,35.69,35.19,2017-04-21
9495,35.69,35.19,2017-04-22
9505,35.61,35.11,2017-04-24
9519,35.61,35.11,2017-04-25
9531,35.47,34.97,2017-04-26
9541,35.47,34.97,2017-04-27
9543,35.47,34.97,2017-04-28
9570,35.57,35.07,2017-04-29
9571,35.36,34.86,2017-05-03
9583,35.01,34.51,2017-05-04
9603,34.84,34.34,2017-05-05
9616,34.76,34.26,2017-05-06
9617,34.76,34.26,2017-05-08
9624,34.66,34.16,2017-05-09
9627,34.61,34.11,2017-05-10
9635,34.48,33.98,2017-05-11
9653,34.48,34.03,2017-05-12
9660,34.54,34.09,2017-05-13
9661,34.54,34.09,2017-05-15
9676,34.67,34.22,2017-05-16
9679,34.92,34.47,2017-05-17
9685,35.34,34.84,2017-05-18
9698,35.01,34.51,2017-05-19
9701,35.12,34.62,2017-05-20
9709,35.02,34.52,2017-05-22
9713,35.24,34.74,2017-05-23
9725,35.04,34.54,2017-05-24
9738,35.04,34.54,2017-05-25
9741,35.01,34.51,2017-05-26
9751,35.24,34.74,2017-05-27
9758,35.21,34.71,2017-05-29
9761,35.27,34.77,2017-05-30
9768,35.1,34.6,2017-05-31
9771,35.24,34.74,2017-06-01
9779,35.12,34.62,2017-06-02
9781,35.41,34.91,2017-06-03
9789,35.41,34.91,2017-06-05
9791,35.49,34.94,2017-06-06
9807,35.8,35.3,2017-06-07
9815,35.65,35.15,2017-06-08
9817,35.57,35.07,2017-06-09
9826,35.3,34.8,2017-06-10
9829,35.36,34.86,2017-06-12
9831,35.31,34.81,2017-06-13
9841,35.35,34.85,2017-06-14
9845,35.31,34.81,2017-06-15
9851,35.2,34.7,2017-06-16
9858,35.14,34.64,2017-06-17
9859,35.14,34.64,2017-06-19
9871,34.95,34.45,2017-06-20
9883,34.93,34.43,2017-06-21
9889,35.06,34.56,2017-06-22
9891,35.01,34.51,2017-06-23
9900,35.15,34.65,2017-06-24
9901,35.15,34.65,2017-06-26
9913,34.98,34.48,2017-06-27
9917,35.02,34.52,2017-06-28
9928,34.95,34.45,2017-06-29
9931,34.97,34.47,2017-06-30
9937,34.87,34.37,2017-07-01
9939,34.84,34.34,2017-07-03
9947,34.51,34.01,2017-07-04
9962,34.5,34.05,2017-07-05
9965,34.5,34.05,2017-07-06
9974,34.4,33.95,2017-07-07
9977,34.24,33.79,2017-07-08
9983,34.16,33.71,2017-07-10
9987,34.2,33.75,2017-07-11
9995,34.34,33.89,2017-07-12
10001,34.37,33.92,2017-07-13
10009,34.29,33.84,2017-07-14
10019,34.58,34.13,2017-07-15
10021,34.62,34.17,2017-07-17
10030,34.7,34.25,2017-07-18
10033,34.77,34.32,2017-07-19
10046,34.67,34.22,2017-07-20
10051,34.8,34.35,2017-07-21
10053,35.0,34.55,2017-07-22
10057,34.98,34.53,2017-07-24
10059,35.01,34.56,2017-07-25
10067,34.94,34.49,2017-07-26
10080,35.15,34.7,2017-07-27
10083,35.1,34.65,2017-07-28
10089,35.18,34.73,2017-07-29
10091,35.25,34.8,2017-07-31
10101,35.18,34.73,2017-08-01
10103,35.18,34.73,2017-08-02
10109,35.17,34.72,2017-08-03
10123,35.24,34.79,2017-08-04
10127,35.2,34.7,2017-08-05
10134,35.18,34.73,2017-08-07
10137,35.14,34.69,2017-08-08
10139,35.14,34.79,2017-08-09
10153,35.4,34.95,2017-08-10
10168,35.64,35.19,2017-08-11
10174,35.7,35.25,2017-08-12
10175,35.7,35.25,2017-08-14
10184,35.46,35.01,2017-08-15
10187,35.44,34.99,2017-08-16
10195,35.7,35.25,2017-08-17
10198,35.67,35.22,2017-08-18
10200,35.64,35.19,2017-08-19
10201,35.64,35.19,2017-08-21
10211,35.7,35.25,2017-08-22
10213,35.67,35.22,2017-08-23
10221,35.71,35.26,2017-08-24
10223,35.74,35.29,2017-08-25
10228,35.82,35.37,2017-08-26
10231,35.89,35.44,2017-08-28
10239,36.48,36.03,2017-08-29
10253,36.37,35.92,2017-08-30
10262,36.13,35.68,2017-08-31
10267,36.5,36.05,2017-09-01
10271,36.5,36.05,2017-09-02
10275,36.77,36.32,2017-09-04
10277,36.82,36.37,2017-09-05
10285,36.8,36.35,2017-09-06
10301,36.85,36.4,2017-09-07
10315,37.09,36.59,2017-09-08
10327,37.12,36.62,2017-09-09
10329,36.96,36.51,2017-09-11
10337,36.64,36.19,2017-09-12
10350,36.69,36.24,2017-09-13
10353,36.52,36.07,2017-09-14
10363,36.68,36.23,2017-09-15
10371,36.65,36.2,2017-09-16
10373,36.65,36.2,2017-09-18
10384,36.4,35.95,2017-09-19
10387,36.43,35.98,2017-09-20
10398,36.12,35.67,2017-09-21
10403,36.12,35.67,2017-09-22
10410,36.16,35.71,2017-09-23
10413,36.14,35.69,2017-09-25
10415,36.43,35.98,2017-09-26
10423,36.06,35.61,2017-09-27
10427,35.99,35.54,2017-09-28
10437,35.96,35.51,2017-09-29
10442,35.78,35.33,2017-09-30
10443,35.72,35.27,2017-10-02
10451,35.6,35.15,2017-10-03
10457,35.62,35.17,2017-10-04
10463,35.62,35.17,2017-10-05
10485,35.56,35.11,2017-10-06
10491,35.69,35.24,2017-10-07
10501,35.76,35.31,2017-10-09
10515,35.88,35.43,2017-10-10
10523,35.99,35.54,2017-10-11
10531,36.03,35.58,2017-10-12
10543,36.09,35.64,2017-10-13
10553,36.21,35.76,2017-10-14
10561,36.28,35.83,2017-10-16
10567,36.17,35.72,2017-10-17
10575,35.88,35.43,2017-10-18
10585,35.79,35.34,2017-10-19
10597,35.99,35.54,2017-10-20
10613,35.74,35.29,2017-10-21
10617,35.72,35.27,2017-10-23
10631,35.84,35.39,2017-10-24
10645,35.61,35.21,2017-10-25
10658,35.76,35.36,2017-10-26
10661,35.56,35.11,2017-10-27
10673,35.65,35.2,2017-10-28
10675,35.65,35.2,2017-10-30
10683,35.72,35.32,2017-10-31
10693,35.64,35.24,2017-11-01
10709,35.78,35.38,2017-11-02
10711,35.7,35.3,2017-11-03
10718,35.59,35.19,2017-11-04
10721,35.55,35.15,2017-11-06
10731,35.75,35.35,2017-11-07
10733,35.71,35.31,2017-11-08
10742,35.77,35.37,2017-11-09
10745,35.84,35.44,2017-11-10
10752,35.67,35.27,2017-11-11
10753,35.7,35.3,2017-11-13
10765,35.62,35.22,2017-11-14
10769,35.81,35.41,2017-11-15
10777,35.74,35.34,2017-11-16
10787,35.78,35.38,2017-11-17
10790,35.97,35.57,2017-11-18
10791,35.97,35.57,2017-11-20
10800,35.77,35.37,2017-11-21
10803,35.8,35.4,2017-11-22
10821,35.97,35.57,2017-11-23
10829,35.97,35.57,2017-11-24
10832,35.97,35.57,2017-11-25
10833,36.03,35.63,2017-11-27
10845,36.09,35.69,2017-11-28
10847,36.09,35.69,2017-11-29
10855,35.94,35.54,2017-11-30
10857,35.79,35.39,2017-12-01
10863,35.84,35.44,2017-12-02
10883,35.73,35.33,2017-12-04
10891,35.73,35.33,2017-12-05
10902,35.6,35.2,2017-12-06
10905,35.56,35.16,2017-12-07
10917,35.2,34.8,2017-12-08
10920,35.2,34.8,2017-12-09
10921,35.2,34.8,2017-12-11
10933,35.15,34.75,2017-12-12
10941,35.17,34.77,2017-12-13
10943,35.4,35.0,2017-12-14
10967,35.28,34.88,2017-12-15
10975,35.33,34.93,2017-12-16
10980,35.33,34.93,2017-12-18
10983,35.42,35.02,2017-12-19
10992,35.43,35.03,2017-12-20
10996,35.48,35.08,2017-12-21
10999,35.48,35.08,2017-12-22
11007,35.65,35.25,2017-12-23
11009,35.65,35.25,2017-12-25
11017,35.79,35.39,2017-12-26
11019,35.9,35.5,2017-12-27
11031,36.02,35.62,2017-12-28
11037,36.12,35.72,2017-12-29
11049,36.26,35.86,2017-12-30
11051,36.39,35.99,2018-01-02
11061,36.58,36.18,2018-01-03
11071,36.43,36.03,2018-01-04
11081,36.72,36.27,2018-01-05
11093,36.54,36.14,2018-01-06
11095,36.55,36.15,2018-01-08
11105,36.5,36.1,2018-01-09
11107,36.46,36.06,2018-01-10
11118,36.55,36.15,2018-01-11
11121,36.6,36.2,2018-01-12
11137,36.89,36.49,2018-01-13
11139,36.89,36.49,2018-01-15
11149,36.95,36.55,2018-01-16
11155,36.84,36.44,2018-01-17
11173,36.8,36.4,2018-01-18
11183,36.75,36.35,2018-01-19
11196,36.85,36.45,2018-01-20
11199,36.86,36.46,2018-01-22
11201,36.88,36.48,2018-01-23
11205,36.94,36.54,2018-01-24
11215,37.54,37.14,2018-01-25
11241,37.34,36.94,2018-01-26
11245,37.34,36.94,2018-01-27
11252,37.17,36.77,2018-01-29
11255,37.17,36.77,2018-01-30
11263,37.06,36.66,2018-01-31
11275,37.08,36.68,2018-02-01
11277,37.14,36.74,2018-02-02
11283,36.99,36.59,2018-02-03
11287,36.99,36.59,2018-02-05
11289,37.16,36.76,2018-02-06
11299,36.95,36.55,2018-02-07
11301,36.85,36.45,2018-02-08
11310,36.9,36.5,2018-02-09
11313,36.85,36.45,2018-02-10
11317,36.9,36.5,2018-02-11
11323,37.1,36.65,2018-02-12
11327,37.1,36.65,2018-02-13
11339,37.15,36.7,2018-02-14
11342,37.4,36.95,2018-02-15
11344,37.15,36.75,2018-02-21
11347,37.09,36.69,2018-02-22
11350,37.15,36.75,2018-02-23
11351,37.15,36.75,2018-02-24
11355,37.15,36.75,2018-02-26
11360,37.15,36.75,2018-02-27
11363,36.98,36.58,2018-02-28
11369,36.78,36.38,2018-03-01
11371,36.78,36.38,2018-03-02
11383,36.89,36.49,2018-03-03
11385,36.98,36.58,2018-03-05
11394,36.89,36.49,2018-03-06
11397,37.19,36.79,2018-03-07
11405,37.25,36.75,2018-03-08
11417,37.03,36.53,2018-03-09
11428,37.14,36.64,2018-03-10
11429,37.14,36.64,2018-03-12
11435,37.14,36.64,2018-03-13
11449,37.14,36.64,2018-03-14
11455,37.14,36.64,2018-03-15
11457,36.99,36.49,2018-03-16
11468,36.99,36.49,2018-03-17
11469,36.93,36.43,2018-03-19
11476,36.99,36.49,2018-03-20
11479,36.93,36.43,2018-03-21
11485,37.27,36.77,2018-03-22
11496,37.33,36.83,2018-03-23
11499,37.45,36.95,2018-03-24
11501,37.48,36.98,2018-03-26
11514,37.5,37.0,2018-03-27
11517,37.46,36.96,2018-03-28
11527,37.19,36.69,2018-03-29
11536,37.15,36.65,2018-03-30
11540,37.15,36.65,2018-03-31
11541,37.24,36.74,2018-04-02
11548,37.34,36.84,2018-04-03
11551,37.26,36.76,2018-04-04
11565,37.22,36.72,2018-04-05
11569,37.27,36.77,2018-04-06
11576,37.28,36.78,2018-04-07
11579,37.28,36.78,2018-04-09
11581,37.33,36.83,2018-04-10
11588,37.39,36.89,2018-04-11
11591,37.52,37.02,2018-04-12
11598,37.37,36.87,2018-04-13
11601,37.52,37.02,2018-04-14
11610,37.48,36.98,2018-04-16
11613,37.54,37.04,2018-04-17
11619,37.45,36.95,2018-04-18
11623,37.52,37.02,2018-04-19
11636,37.41,36.91,2018-04-20
11639,37.38,36.88,2018-04-21
11644,37.36,36.86,2018-04-23
11645,37.15,36.65,2018-04-24
11660,37.27,36.77,2018-04-25
11664,37.14,36.64,2018-04-26
11667,37.02,36.52,2018-04-27
11674,37.17,36.67,2018-04-28
11675,36.85,36.35,2018-05-02
11685,36.86,36.36,2018-05-03
11689,36.9,36.4,2018-05-04
11696,36.92,36.42,2018-05-05
11697,36.92,36.42,2018-05-07
11706,36.83,36.33,2018-05-08
11709,36.83,36.33,2018-05-09
11720,36.78,36.28,2018-05-10
11723,36.96,36.46,2018-05-11
11731,36.92,36.42,2018-05-12
11733,36.99,36.49,2018-05-14
11743,36.89,36.39,2018-05-15
11749,36.46,35.96,2018-05-16
11763,36.34,35.84,2018-05-17
11767,36.34,35.84,2018-05-18
11772,36.38,35.88,2018-05-19
11773,36.34,35.84,2018-05-21
11783,36.38,35.88,2018-05-22
11791,36.29,35.79,2018-05-23
11801,36.32,35.82,2018-05-24
11805,36.52,36.02,2018-05-25
11807,36.45,35.95,2018-05-26
11814,36.45,35.95,2018-05-28
11817,36.48,35.98,2018-05-29
11828,36.43,35.93,2018-05-30
11831,36.54,36.04,2018-05-31
11837,36.52,36.02,2018-06-01
11845,36.43,35.93,2018-06-02
11849,36.38,35.88,2018-06-04
11858,36.34,35.84,2018-06-05
11863,36.45,35.95,2018-06-06
11865,36.4,35.9,2018-06-07
11872,36.42,35.92,2018-06-08
11876,36.45,35.95,2018-06-09
11877,36.47,35.97,2018-06-11
11887,36.48,35.98,2018-06-12
11894,36.48,35.98,2018-06-13
11905,36.56,36.06,2018-06-14
11911,36.56,36.06,2018-06-15
11916,36.35,35.85,2018-06-16
11920,36.35,35.85,2018-06-18
11921,36.35,35.85,2018-06-19
11928,36.26,35.76,2018-06-20
11931,36.14,35.64,2018-06-21
11945,36.11,35.61,2018-06-22
11960,36.11,35.61,2018-06-23
11961,36.14,35.64,2018-06-25
11973,35.95,35.45,2018-06-26
11983,35.86,35.36,2018-06-27
11995,35.7,35.2,2018-06-28
11999,35.68,35.18,2018-06-29
12005,35.71,35.21,2018-06-30
12010,35.71,35.21,2018-07-02
12013,35.6,35.1,2018-07-03
12021,35.89,35.39,2018-07-04
12023,35.85,35.35,2018-07-05
12032,35.89,35.39,2018-07-06
12034,35.89,35.39,2018-07-07
12035,35.89,35.39,2018-07-09
12046,35.96,35.46,2018-07-10
12049,35.89,35.39,2018-07-11
12054,35.66,35.16,2018-07-12
12057,35.7,35.2,2018-07-13
12068,35.7,35.2,2018-07-14
12069,35.7,35.2,2018-07-16
12082,35.68,35.18,2018-07-17
12085,35.5,35.0,2018-07-18
12095,35.39,34.89,2018-07-19
12097,35.29,34.79,2018-07-20
12109,35.54,35.04,2018-07-21
12111,35.54,35.04,2018-07-23
12121,35.52,35.02,2018-07-24
12131,35.56,35.06,2018-07-25
12135,35.61,35.11,2018-07-26
12143,35.4,34.9,2018-07-27
12150,35.46,34.96,2018-07-28
12154,35.46,34.96,2018-07-30
12157,35.46,34.96,2018-07-31
12167,35.43,34.93,2018-08-01
12179,35.34,34.84,2018-08-02
12183,35.19,34.69,2018-08-03
12193,35.34,34.84,2018-08-04
12201,35.38,34.88,2018-08-06
12211,35.24,34.74,2018-08-07
12221,35.29,34.79,2018-08-08
12225,35.24,34.74,2018-08-09
12227,35.2,34.7,2018-08-10
12232,35.2,34.7,2018-08-11
12236,35.2,34.7,2018-08-13
12239,35.08,34.58,2018-08-14
12243,34.89,34.39,2018-08-15
12255,34.45,33.95,2018-08-16
12270,34.58,34.08,2018-08-17
12273,34.73,34.23,2018-08-18
12279,34.73,34.23,2018-08-20
12281,34.82,34.32,2018-08-21
12292,34.79,34.29,2018-08-22
12297,34.78,34.28,2018-08-23
12307,34.65,34.15,2018-08-24
12309,34.95,34.45,2018-08-25
12315,34.95,34.45,2018-08-27
12319,35.06,34.56,2018-08-28
12329,34.89,34.39,2018-08-29
12333,34.9,34.4,2018-08-30
12341,34.86,34.36,2018-08-31
12344,34.89,34.39,2018-09-01
12345,34.89,34.39,2018-09-04
12356,34.79,34.29,2018-09-05
12359,34.84,34.34,2018-09-06
12367,34.8,34.3,2018-09-07
12372,34.76,34.26,2018-09-08
12376,34.76,34.26,2018-09-10
12381,34.76,34.26,2018-09-11
12383,34.72,34.22,2018-09-12
12390,34.84,34.34,2018-09-13
12398,34.76,34.26,2018-09-14
12403,34.72,34.22,2018-09-15
12405,34.68,34.18,2018-09-17
12410,34.75,34.25,2018-09-18
12414,34.72,34.22,2018-09-19
12426,34.83,34.33,2018-09-20
12429,34.9,34.4,2018-09-21
12437,34.82,34.32,2018-09-22
12439,34.8,34.3,2018-09-24
12448,34.78,34.28,2018-09-25
12451,34.8,34.3,2018-09-26
12462,34.75,34.25,2018-09-27
12465,34.6,34.1,2018-09-28
12470,34.68,34.18,2018-09-29
12473,34.59,34.09,2018-10-01
12475,34.66,34.16,2018-10-02
12484,34.79,34.29,2018-10-03
12487,34.75,34.25,2018-10-04
12493,34.79,34.29,2018-10-05
12511,34.84,34.34,2018-10-06
12516,34.77,34.27,2018-10-08
12519,34.72,34.22,2018-10-09
12525,34.63,34.13,2018-10-10
12527,34.72,34.22,2018-10-11
12540,35.12,34.62,2018-10-12
12544,35.14,34.64,2018-10-13
12545,35.14,34.64,2018-10-15
12561,35.46,34.96,2018-10-16
12565,35.46,34.96,2018-10-17
12575,35.39,34.89,2018-10-18
12590,35.51,35.01,2018-10-19
12593,35.51,35.01,2018-10-20
12598,35.51,35.01,2018-10-22
12601,35.49,34.99,2018-10-23
12615,35.62,35.12,2018-10-24
12617,35.69,35.19,2018-10-25
12625,35.65,35.15,2018-10-26
12635,35.64,35.14,2018-10-27
12637,35.64,35.14,2018-10-29
12647,35.57,35.07,2018-10-30
12651,35.39,34.89,2018-10-31
12657,35.39,34.89,2018-11-01
12667,35.62,35.12,2018-11-02
12676,35.65,35.15,2018-11-03
12677,35.65,35.15,2018-11-05
12683,35.5,35.0,2018-11-06
12691,35.49,34.99,2018-11-07
12704,35.46,34.96,2018-11-08
12709,35.35,34.85,2018-11-09
12711,35.18,34.68,2018-11-10
12715,35.12,34.62,2018-11-12
12724,35.0,34.5,2018-11-13
12725,35.0,34.5,2018-11-14
12733,35.1,34.6,2018-11-15
12745,35.2,34.7,2018-11-16
12749,35.39,34.89,2018-11-17
12753,35.36,34.86,2018-11-19
12765,35.31,34.81,2018-11-20
12775,35.31,34.81,2018-11-21
12779,35.4,34.9,2018-11-22
12786,35.4,34.9,2018-11-23
12789,35.4,34.9,2018-11-24
12791,35.4,34.9,2018-11-26
12798,35.32,34.82,2018-11-27
12801,35.22,34.72,2018-11-28
12810,35.33,34.83,2018-11-29
12815,35.33,34.83,2018-11-30
12818,35.33,34.83,2018-12-01
12822,35.45,34.95,2018-12-03
12827,35.56,35.06,2018-12-04
12829,35.56,35.06,2018-12-05
12835,35.52,35.02,2018-12-06
12840,35.56,35.06,2018-12-07
12843,35.76,35.26,2018-12-08
12849,35.76,35.26,2018-12-10
12852,35.76,35.26,2018-12-11
12853,35.76,35.26,2018-12-12
12862,35.76,35.26,2018-12-13
12865,35.76,35.26,2018-12-14
12873,35.7,35.2,2018-12-15
12875,35.7,35.2,2018-12-17
12880,35.79,35.29,2018-12-18
12885,35.91,35.41,2018-12-19
12887,35.86,35.36,2018-12-20
12898,36.18,35.68,2018-12-21
12902,36.11,35.61,2018-12-22
12903,36.18,35.68,2018-12-24
12911,36.36,35.86,2018-12-25
12914,36.36,35.86,2018-12-26
12915,36.36,35.86,2018-12-27
12923,36.45,35.95,2018-12-28
12932,36.52,36.02,2018-12-29
12933,36.52,36.02,2019-01-02
12946,36.68,36.18,2019-01-03
12949,36.8,36.3,2019-01-04
12954,36.7,36.2,2019-01-05
12958,36.74,36.24,2019-01-07
12961,36.74,36.24,2019-01-08
12969,36.62,36.12,2019-01-09
12973,36.71,36.21,2019-01-10
12975,36.71,36.21,2019-01-11
12978,36.71,36.21,2019-01-12
12980,36.71,36.21,2019-01-14
12983,36.72,36.22,2019-01-15
12985,36.72,36.22,2019-01-16
12992,36.78,36.28,2019-01-17
12994,36.76,36.26,2019-01-18
12996,36.67,36.17,2019-01-19
12997,36.68,36.18,2019-01-21
13003,36.65,36.15,2019-01-22
13008,36.69,36.19,2019-01-23
13011,36.69,36.19,2019-01-24
13017,36.65,36.15,2019-01-25
13021,36.99,36.49,2019-01-26
13023,36.99,36.49,2019-01-28
13030,37.08,36.58,2019-01-29
13033,37.15,36.65,2019-01-30
13041,37.31,36.81,2019-01-31
13045,37.32,36.82,2019-02-01
13047,37.32,36.82,2019-02-02
13050,37.55,37.05,2019-02-11
13052,37.5,37.0,2019-02-12
13063,37.5,37.0,2019-02-13
13065,37.3,36.8,2019-02-14
13083,37.23,36.73,2019-02-15
13087,37.4,36.9,2019-02-16
13089,37.45,36.95,2019-02-18
13095,37.35,36.85,2019-02-19
13101,37.75,37.25,2019-02-20
13111,37.58,37.08,2019-02-21
13115,37.56,37.06,2019-02-22
13122,37.56,37.06,2019-02-23
13124,37.59,37.09,2019-02-25
13127,37.52,37.02,2019-02-26
13130,37.52,37.02,2019-02-27
13133,37.4,36.9,2019-02-28
13135,37.4,36.9,2019-03-01
13141,36.98,36.48,2019-03-02
13143,36.95,36.45,2019-03-04
13155,36.81,36.31,2019-03-05
13158,36.78,36.28,2019-03-06
13161,36.76,36.26,2019-03-07
13163,36.74,36.24,2019-03-08
13168,36.95,36.45,2019-03-09
13169,36.95,36.45,2019-03-11
13180,36.97,36.47,2019-03-12
13183,37.07,36.57,2019-03-13
13185,37.14,36.64,2019-03-14
13194,36.96,36.46,2019-03-15
13198,36.99,36.49,2019-03-16
13199,36.96,36.46,2019-03-18
13206,37.1,36.6,2019-03-19
13209,37.09,36.59,2019-03-20
13217,37.24,36.74,2019-03-21
13221,37.1,36.6,2019-03-22
13223,37.16,36.66,2019-03-23
13227,37.18,36.68,2019-03-25
13231,37.21,36.71,2019-03-26
13234,37.21,36.71,2019-03-27
13236,37.21,36.71,2019-03-28
13239,36.9,36.4,2019-03-29
13241,36.9,36.4,2019-04-01
13249,36.8,36.3,2019-04-02
13252,36.89,36.39,2019-04-03
13253,36.86,36.36,2019-04-04
13256,36.84,36.34,2019-04-05
13260,36.8,36.3,2019-04-06
13261,36.84,36.34,2019-04-08
13268,36.99,36.49,2019-04-09
13273,36.99,36.49,2019-04-10
13280,36.99,36.49,2019-04-11
13281,36.93,36.43,2019-04-12
13283,36.89,36.39,2019-04-13
13287,36.85,36.35,2019-04-16
13291,36.66,36.16,2019-04-17
13293,36.62,36.12,2019-04-18
13299,36.55,36.05,2019-04-19
13302,36.58,36.08,2019-04-20
13303,36.65,36.15,2019-04-22
13310,36.56,36.06,2019-04-23
13315,36.51,36.01,2019-04-24
13317,36.62,36.12,2019-04-25
13323,36.7,36.2,2019-04-26
13326,36.89,36.39,2019-04-27
13327,36.62,36.12,2019-05-02
13337,36.53,36.03,2019-05-03
13339,36.65,36.15,2019-05-04
13344,36.62,36.12,2019-05-06
13348,36.65,36.15,2019-05-07
13351,36.8,36.3,2019-05-08
13353,36.8,36.3,2019-05-09
13360,36.8,36.3,2019-05-10
13364,36.8,36.3,2019-05-11
13365,36.8,36.3,2019-05-13
13371,36.99,36.49,2019-05-14
13373,36.99,36.49,2019-05-15
13381,36.89,36.39,2019-05-16
13385,36.81,36.31,2019-05-17
13388,36.79,36.29,2019-05-18
13392,36.72,36.22,2019-05-20
13395,36.7,36.2,2019-05-21
13406,36.65,36.15,2019-05-22
13409,36.63,36.13,2019-05-23
13415,36.79,36.29,2019-05-24
13418,36.81,36.31,2019-05-25
13419,36.83,36.33,2019-05-27
13425,36.8,36.3,2019-05-28
13430,36.77,36.27,2019-05-29
13433,36.77,36.27,2019-05-30
13441,36.86,36.36,2019-05-31
13443,37.09,36.64,2019-06-01
13451,37.2,36.7,2019-06-03
13455,37.44,36.94,2019-06-04
13460,37.44,36.94,2019-06-05
13463,37.52,37.02,2019-06-06
13465,37.59,37.09,2019-06-07
13473,37.75,37.25,2019-06-08
13475,37.65,37.15,2019-06-10
13487,37.52,37.02,2019-06-11
13491,37.57,37.07,2019-06-12
13501,37.75,37.25,2019-06-13
13503,37.88,37.38,2019-06-14
13508,37.99,37.39,2019-06-15
13510,37.9,37.35,2019-06-17
13511,37.9,37.35,2019-06-18
13522,37.97,37.37,2019-06-19
13525,38.75,37.9,2019-06-20
13533,38.98,38.18,2019-06-21
13550,39.4,38.4,2019-06-22
13551,39.4,38.4,2019-06-24
13561,39.95,39.05,2019-06-25
13569,39.5,38.7,2019-06-26
13571,39.4,38.6,2019-06-27
13580,39.3,38.5,2019-06-28
13584,39.3,38.5,2019-06-29
13585,39.0,38.2,2019-07-01
13592,38.82,38.12,2019-07-02
13595,39.6,38.8,2019-07-03
13597,39.6,38.8,2019-07-04
13606,39.45,38.65,2019-07-05
13607,39.2,38.4,2019-07-06
13614,39.35,38.55,2019-07-08
13617,39.35,38.55,2019-07-09
13624,39.25,38.45,2019-07-10
13626,39.6,38.9,2019-07-11
13628,39.4,38.7,2019-07-12
13630,39.49,38.79,2019-07-13
13631,39.49,38.79,2019-07-15
13639,39.49,38.79,2019-07-16
13644,39.49,38.79,2019-07-17
13647,39.7,39.1,2019-07-18
13651,40.15,39.5,2019-07-19
13653,39.8,39.1,2019-07-20
13657,39.8,39.1,2019-07-22
13660,39.8,39.1,2019-07-23
13662,39.8,39.1,2019-07-24
13666,39.8,39.1,2019-07-25
13668,39.75,39.15,2019-07-26
13669,39.75,39.15,2019-07-27
13671,39.8,39.2,2019-07-29
13674,39.8,39.2,2019-07-30
13676,39.85,39.25,2019-07-31
13679,39.5,39.0,2019-08-01
13681,39.95,39.3,2019-08-02
13684,39.95,39.3,2019-08-03
13685,39.95,39.3,2019-08-05
13698,40.85,40.15,2019-08-06
13701,41.4,40.7,2019-08-07
13711,42.15,41.45,2019-08-08
13713,42.15,41.45,2019-08-09
13717,42.0,41.3,2019-08-10
13719,41.8,41.2,2019-08-12
13727,42.05,41.45,2019-08-13
13735,41.6,41.1,2019-08-14
13737,42.05,41.45,2019-08-15
13748,42.05,41.45,2019-08-16
13751,41.85,41.25,2019-08-17
13756,41.95,41.35,2019-08-19
13761,41.75,41.15,2019-08-20
13765,41.6,41.1,2019-08-21
13772,41.7,41.2,2019-08-22
13777,41.7,41.2,2019-08-23
13779,42.3,41.7,2019-08-24
13786,42.75,42.15,2019-08-26
13789,42.7,42.1,2019-08-27
13797,42.8,42.3,2019-08-28
13801,42.8,42.3,2019-08-29
13809,42.7,42.2,2019-08-30
13812,42.7,42.2,2019-08-31
13813,42.7,42.2,2019-09-03
13822,42.8,42.2,2019-09-04
13825,42.85,42.35,2019-09-05
13835,42.55,42.05,2019-09-06
13837,42.4,41.9,2019-09-07
13844,42.1,41.6,2019-09-09
13849,41.95,41.45,2019-09-10
13854,41.75,41.25,2019-09-11
13855,41.85,41.35,2019-09-12
13866,42.15,41.65,2019-09-13
13870,41.9,41.4,2019-09-14
13871,42.15,41.65,2019-09-16
13879,41.85,41.35,2019-09-17
13883,41.95,41.45,2019-09-18
13885,41.8,41.3,2019-09-19
13894,42.05,41.55,2019-09-20
13897,42.15,41.65,2019-09-21
13903,42.26,41.76,2019-09-23
13905,42.3,41.8,2019-09-24
13913,42.58,42.08,2019-09-25
13917,42.26,41.76,2019-09-26
13919,42.1,41.6,2019-09-27
13923,42.1,41.6,2019-09-28
13928,41.8,41.3,2019-09-30
13931,41.6,41.1,2019-10-01
13939,41.5,41.0,2019-10-02
13949,41.85,41.35,2019-10-03
13953,42.1,41.6,2019-10-04
13956,42.1,41.6,2019-10-05
13958,42.0,41.5,2019-10-07
13962,41.95,41.45,2019-10-08
13965,42.0,41.5,2019-10-09
13967,42.15,41.65,2019-10-10
13974,42.0,41.5,2019-10-11
13977,41.85,41.35,2019-10-12
13983,41.75,41.25,2019-10-14
13987,41.8,41.3,2019-10-15
13989,41.7,41.2,2019-10-16
13995,41.75,41.25,2019-10-17
13999,41.75,41.25,2019-10-18
14001,41.75,41.25,2019-10-19
14007,41.8,41.3,2019-10-21
14011,41.7,41.2,2019-10-22
14013,41.75,41.25,2019-10-23
14018,41.82,41.32,2019-10-24
14021,41.9,41.4,2019-10-25
14026,41.95,41.45,2019-10-26
14028,42.0,41.5,2019-10-28
14029,41.88,41.38,2019-10-29
14035,41.85,41.35,2019-10-30
14038,41.9,41.4,2019-10-31
14039,42.1,41.6,2019-11-01
14044,42.2,41.7,2019-11-02
14047,42.17,41.67,2019-11-04
14049,42.15,41.65,2019-11-05
14054,41.77,41.27,2019-11-06
14056,41.86,41.36,2019-11-07
14057,41.6,41.1,2019-11-08
14070,41.45,40.95,2019-11-09
14072,41.5,41.0,2019-11-11
14075,41.3,40.8,2019-11-12
14079,41.4,40.9,2019-11-13
14081,41.4,40.9,2019-11-14
14088,41.49,40.99,2019-11-15
14090,41.49,40.99,2019-11-16
14093,41.46,40.96,2019-11-18
14095,41.55,41.05,2019-11-19
14106,41.59,41.09,2019-11-20
14109,41.62,41.12,2019-11-21
14115,41.55,41.05,2019-11-22
14118,41.55,41.05,2019-11-23
14119,41.55,41.05,2019-11-25
14129,41.32,40.82,2019-11-26
14133,41.42,40.92,2019-11-27
14135,41.42,40.92,2019-11-28
14141,41.35,40.85,2019-11-29
14143,41.45,40.95,2019-11-30
14155,41.42,40.92,2019-12-02
14157,41.42,40.92,2019-12-03
14164,41.65,41.15,2019-12-04
14169,41.62,41.12,2019-12-05
14175,41.55,41.05,2019-12-06
14179,41.4,40.9,2019-12-07
14182,41.4,40.9,2019-12-09
14184,41.4,40.9,2019-12-10
14186,41.4,40.9,2019-12-11
14188,41.5,41.0,2019-12-12
14190,41.5,41.0,2019-12-13
14191,41.5,41.0,2019-12-14
14197,41.58,41.08,2019-12-16
14201,41.61,41.11,2019-12-17
14204,41.61,41.11,2019-12-18
14205,41.61,41.11,2019-12-19
14210,41.65,41.15,2019-12-20
14212,41.65,41.15,2019-12-21
14216,41.7,41.2,2019-12-23
14219,41.75,41.25,2019-12-24
14226,42.3,41.8,2019-12-25
14229,42.35,41.85,2019-12-26
14235,42.65,42.15,2019-12-27
14238,42.65,42.15,2019-12-28
14239,42.7,42.2,2019-12-30
14245,42.98,42.48,2019-12-31
14248,42.98,42.48,2020-01-02
14249,43.15,42.65,2020-01-03
14253,43.5,43.0,2020-01-04
14257,44.25,43.75,2020-01-06
14274,44.24,43.74,2020-01-07
14275,44.7,44.2,2020-01-08
14289,43.7,43.2,2020-01-09
14295,43.6,43.1,2020-01-10
14297,43.95,43.4,2020-01-11
14304,43.6,43.1,2020-01-13
14309,43.6,43.1,2020-01-14
14318,43.58,43.08,2020-01-15
14319,43.56,43.06,2020-01-16
14325,43.65,43.15,2020-01-17
14329,43.65,43.15,2020-01-18
14331,43.8,43.3,2020-01-20
14339,44.2,43.7,2020-01-21
14342,44.1,43.5,2020-01-22
14343,44.2,43.6,2020-01-23
14347,44.45,43.85,2020-01-27
14350,44.55,43.95,2020-01-28
14353,44.4,43.6,2020-01-29
14355,44.7,43.9,2020-01-30
14358,44.7,43.9,2020-01-31
14363,44.95,44.15,2020-02-01
14365,44.98,44.15,2020-02-02
14375,44.75,44.0,2020-02-03
14379,44.45,43.75,2020-02-04
14386,43.95,43.25,2020-02-05
14388,43.95,43.25,2020-02-06
14389,44.2,43.5,2020-02-07
14396,44.2,43.5,2020-02-08
14399,44.3,43.7,2020-02-10
14403,44.3,43.75,2020-02-11
14405,44.3,43.75,2020-02-12
14410,44.35,43.8,2020-02-13
14412,44.45,43.9,2020-02-14
14413,44.55,43.95,2020-02-15
14416,44.55,43.95,2020-02-17
14419,44.65,44.15,2020-02-18
14423,45.15,44.6,2020-02-19
14425,45.15,44.6,2020-02-20
14431,45.6,44.9,2020-02-21
14442,45.99,45.1,2020-02-22
14443,46.8,45.8,2020-02-24
14463,47.4,46.0,2020-02-25
14478,46.8,45.6,2020-02-26
14481,46.7,45.5,2020-02-27
14487,46.6,45.4,2020-02-28
14499,45.6,44.7,2020-02-29
14505,45.9,45.05,2020-03-02
14509,45.8,44.9,2020-03-03
14517,46.6,45.7,2020-03-04
14522,46.6,45.7,2020-03-05
14526,47.05,46.2,2020-03-06
14530,47.05,46.2,2020-03-07
14531,47.05,46.2,2020-03-08
14534,47.7,46.5,2020-03-09
14546,47.5,46.7,2020-03-10
14549,47.3,46.5,2020-03-11
14551,46.99,46.19,2020-03-12
14557,45.5,44.5,2020-03-13
14563,45.3,44.3,2020-03-14
14570,45.2,44.4,2020-03-16
14574,44.95,43.95,2020-03-17
14577,45.3,44.3,2020-03-18
14585,45.1,44.0,2020-03-19
14591,45.2,44.2,2020-03-20
14600,45.3,44.3,2020-03-21
14602,45.3,44.3,2020-03-23
14603,46.4,45.2,2020-03-24
14612,46.25,45.05,2020-03-25
14615,46.25,45.05,2020-03-26
14624,46.35,45.15,2020-03-27
14628,46.35,45.15,2020-03-28
14629,46.35,45.15,2020-03-30
14639,46.1,44.9,2020-03-31
14643,46.1,44.9,2020-04-03
14649,45.9,44.5,2020-04-04
14652,45.9,44.5,2020-04-06
14654,46.1,44.9,2020-04-07
14656,46.1,44.9,2020-04-08
14659,46.1,44.9,2020-04-09
14661,46.5,45.1,2020-04-10
14666,46.3,45.0,2020-04-11
14668,46.3,45.0,2020-04-13
14670,47.1,45.7,2020-04-14
14671,47.1,45.7,2020-04-15
14675,47.1,45.7,2020-04-16
14678,47.1,45.7,2020-04-17
14682,47.1,45.7,2020-04-18
14683,47.1,45.7,2020-04-20
14690,46.45,45.25,2020-04-21
14693,46.45,45.25,2020-04-22
14695,46.95,45.75,2020-04-23
14698,47.05,45.95,2020-04-24
14702,47.2,46.0,2020-04-25
14705,47.2,46.0,2020-04-27
14712,47.2,46.1,2020-04-28
14714,47.2,46.1,2020-04-29
14716,47.2,46.1,2020-05-04
14717,47.2,46.1,2020-05-05
14719,47.2,46.1,2020-05-06
14723,46.9,46.0,2020-05-07
14726,47.2,46.2,2020-05-08
14728,47.2,46.2,2020-05-09
14729,47.2,46.2,2020-05-11
14733,46.9,46.2,2020-05-12
14736,47.1,46.3,2020-05-13
14737,47.3,46.5,2020-05-14
14746,47.9,47.2,2020-05-15
14748,48.3,47.6,2020-05-16
14749,48.6,47.8,2020-05-18
14763,48.7,48.0,2020-05-19
14775,48.7,48.0,2020-05-20
14777,48.43,47.73,2020-05-21
14786,48.33,47.63,2020-05-22
14790,48.35,47.65,2020-05-23
14791,48.35,47.65,2020-05-25
14797,48.4,47.7,2020-05-26
14802,48.25,47.55,2020-05-27
14805,48.25,47.55,2020-05-28
14814,48.32,47.62,2020-05-29
14815,48.42,47.72,2020-05-30
14823,48.6,47.9,2020-06-01
14827,48.8,48.1,2020-06-02
14833,48.62,47.92,2020-06-03
14837,48.35,47.65,2020-06-04
14839,48.4,47.7,2020-06-05
14849,47.93,47.23,2020-06-06
14851,47.93,47.23,2020-06-08
14859,48.05,47.35,2020-06-09
14867,48.25,47.55,2020-06-10
14870,48.5,47.8,2020-06-11
14872,48.5,47.8,2020-06-12
14875,48.5,47.8,2020-06-13
14877,48.5,47.8,2020-06-15
14884,48.6,47.9,2020-06-16
14885,48.6,47.9,2020-06-17
14900,48.5,47.8,2020-06-18
14907,48.58,47.88,2020-06-19
14909,48.8,48.1,2020-06-20
14915,49.1,48.4,2020-06-22
14919,49.2,48.5,2020-06-23
14927,49.5,48.8,2020-06-24
14939,49.45,48.75,2020-06-25
14943,49.45,48.75,2020-06-26
14948,49.5,48.8,2020-06-27
14950,49.55,48.85,2020-06-29
14953,49.65,48.95,2020-06-30
14955,49.8,49.1,2020-07-01
14965,49.65,48.95,2020-07-02
14967,49.75,49.05,2020-07-03
14976,49.89,49.19,2020-07-04
14977,49.87,49.17,2020-07-06
14987,50.1,49.6,2020-07-07
14998,50.25,49.75,2020-07-08
15001,50.65,50.1,2020-07-09
15010,50.65,50.1,2020-07-10
15012,50.65,50.1,2020-07-11
15013,50.65,50.1,2020-07-13
15024,50.58,50.08,2020-07-14
15027,50.7,50.2,2020-07-15
15037,50.74,50.24,2020-07-16
15039,50.7,50.2,2020-07-17
15049,50.8,50.3,2020-07-18
15051,50.8,50.3,2020-07-20
15061,50.87,50.37,2020-07-21
15077,50.97,50.47,2020-07-22
15087,52.05,51.55,2020-07-23
15103,53.0,52.5,2020-07-24
15117,53.5,53.0,2020-07-25
15123,53.5,53.0,2020-07-27
15141,54.9,54.4,2020-07-28
15151,54.9,54.4,2020-07-29
15165,54.8,54.3,2020-07-30
15173,54.8,54.3,2020-07-31
15177,55.0,54.5,2020-08-01
15179,55.0,54.5,2020-08-03
15185,55.0,54.5,2020-08-04
15187,56.5,56.0,2020-08-05
15201,56.75,56.25,2020-08-06
15227,57.7,57.2,2020-08-07
15241,57.7,57.2,2020-08-08
15255,57.0,56.5,2020-08-10
15269,53.5,53.0,2020-08-11
15289,49.5,49.0,2020-08-12
15315,51.5,51.0,2020-08-13
15323,54.2,53.2,2020-08-14
15340,54.2,53.2,2020-08-15
15343,54.2,53.2,2020-08-17
15359,55.0,54.0,2020-08-18
15377,56.0,55.0,2020-08-19
15391,55.0,54.5,2020-08-20
15421,54.0,53.5,2020-08-21
15425,54.0,53.5,2020-08-22
15435,54.0,53.5,2020-08-24
15439,54.0,53.5,2020-08-25
15451,53.9,53.4,2020-08-26
15457,53.7,53.2,2020-08-27
15467,54.05,53.55,2020-08-28
15483,54.5,54.0,2020-08-29
15487,55.0,54.5,2020-08-31
15499,55.2,54.7,2020-09-01
15513,55.3,54.8,2020-09-02
15515,55.3,54.8,2020-09-03
15523,54.6,54.1,2020-09-04
15535,54.58,54.08,2020-09-05
15539,54.58,54.08,2020-09-07
15549,54.33,53.83,2020-09-08
15567,54.3,53.8,2020-09-09
15582,54.6,54.1,2020-09-10
15585,54.6,54.1,2020-09-11
15597,54.55,54.05,2020-09-12
15599,54.6,54.1,2020-09-14
15611,54.55,54.05,2020-09-15
15619,54.92,54.42,2020-09-16
15635,54.92,54.42,2020-09-17
15647,54.85,54.35,2020-09-18
15656,54.8,54.3,2020-09-19
15659,54.8,54.3,2020-09-21
15671,54.2,53.7,2020-09-22
15683,54.12,53.62,2020-09-23
15699,53.8,53.3,2020-09-24
15719,53.35,52.85,2020-09-25
15739,53.5,53.0,2020-09-26
15745,53.15,52.65,2020-09-28
15761,53.35,52.85,2020-09-29
15773,53.35,52.85,2020-09-30
15787,53.6,53.1,2020-10-01
15805,53.85,53.35,2020-10-02
15823,53.85,53.35,2020-10-03
15835,53.65,53.15,2020-10-05
15845,53.65,53.15,2020-10-06
15857,53.5,53.0,2020-10-07
15871,53.6,53.1,2020-10-08
15881,53.85,53.35,2020-10-09
15897,53.85,53.35,2020-10-10
15905,54.25,53.75,2020-10-12
15919,54.15,53.65,2020-10-13
15935,53.75,53.25,2020-10-14
15949,53.9,53.4,2020-10-15
15957,54.0,53.5,2020-10-16
15967,53.9,53.4,2020-10-17
15969,53.9,53.4,2020-10-19
15979,53.95,53.45,2020-10-20
15990,54.25,53.75,2020-10-21
15993,54.3,53.8,2020-10-22
15999,54.1,53.6,2020-10-23
16010,54.05,53.55,2020-10-24
16013,54.05,53.55,2020-10-26
16023,54.2,53.7,2020-10-27
16035,54.2,53.7,2020-10-28
16047,53.8,53.3,2020-10-29
16064,53.93,53.43,2020-10-30
16071,53.95,53.45,2020-10-31
16077,53.97,53.47,2020-11-02
16089,54.5,54.0,2020-11-03
16103,54.45,53.95,2020-11-04
16117,54.6,54.1,2020-11-05
16129,54.8,54.3,2020-11-06
16145,54.8,54.3,2020-11-07
16149,55.3,54.8,2020-11-09
16169,54.8,54.3,2020-11-10
16193,54.5,54.0,2020-11-11
16203,54.4,53.9,2020-11-12
16215,54.45,53.95,2020-11-13
16223,54.5,54.0,2020-11-14
16225,54.65,54.15,2020-11-16
16237,54.65,54.15,2020-11-17
16249,54.6,54.1,2020-11-18
16261,54.5,54.0,2020-11-19
16278,54.4,53.9,2020-11-20
16281,54.43,53.93,2020-11-21
16289,54.55,54.05,2020-11-23
16297,54.0,53.5,2020-11-24
16311,53.75,53.25,2020-11-25
16335,53.8,53.3,2020-11-26
16347,53.85,53.35,2020-11-27
16353,53.6,53.1,2020-11-28
16363,53.6,53.1,2020-11-30
16385,53.3,52.8,2020-12-01
16407,53.8,53.3,2020-12-02
16427,54.05,53.55,2020-12-03
16449,54.0,53.5,2020-12-04
16459,54.1,53.6,2020-12-05
16465,54.05,53.55,2020-12-07
16483,54.0,53.5,2020-12-08
16497,54.4,53.9,2020-12-09
16517,54.25,53.75,2020-12-10
16529,54.15,53.65,2020-12-11
16538,54.23,53.73,2020-12-12
16541,54.17,53.67,2020-12-14
16555,54.1,53.6,2020-12-15
16567,54.5,54.0,2020-12-16
16584,54.65,54.15,2020-12-17
16587,54.65,54.15,2020-12-18
16596,54.65,54.15,2020-12-19
16597,54.75,54.25,2020-12-21
16619,54.8,54.3,2020-12-22
16635,54.8,54.3,2020-12-23
16647,54.9,54.4,2020-12-24
16658,55.05,54.55,2020-12-25
16661,55.05,54.55,2020-12-26
16670,55.05,54.55,2020-12-28
16683,55.25,54.75,2020-12-29
16699,55.35,54.85,2020-12-30
16721,55.6,55.1,2020-12-31
16735,55.5,55.0,2021-01-02
16737,56.0,55.5,2021-01-04
16759,56.3,55.8,2021-01-05
16773,56.3,55.8,2021-01-06
16795,55.95,55.45,2021-01-07
16821,55.6,55.1,2021-01-08
16835,55.6,55.1,2021-01-09
16843,55.15,54.65,2021-01-11
16877,55.45,54.95,2021-01-12
16903,55.45,54.95,2021-01-13
16919,55.35,54.85,2021-01-14
16933,55.4,54.9,2021-01-15
16940,55.05,54.55,2021-01-16
16943,55.3,54.8,2021-01-18
16970,55.25,54.75,2021-01-19
16971,55.25,54.75,2021-01-20
16987,55.6,55.1,2021-01-21
16991,55.3,54.8,2021-01-22
17005,55.25,54.75,2021-01-23
17007,55.3,54.8,2021-01-25
17015,55.3,54.8,2021-01-26
17031,55.2,54.7,2021-01-27
17047,54.95,54.45,2021-01-28
17055,54.95,54.45,2021-01-29
17069,55.0,54.5,2021-01-30
17073,54.9,54.4,2021-02-01
17093,55.0,54.5,2021-02-02
17106,54.85,54.35,2021-02-03
17109,54.8,54.3,2021-02-04
17121,54.35,53.85,2021-02-05
17137,54.5,54.0,2021-02-06
17140,54.65,54.15,2021-02-07
17141,55.0,54.5,2021-02-08
17161,55.9,55.18,2021-02-09
17181,55.9,55.18,2021-02-10
17186,55.9,55.18,2021-02-14
17187,55.4,54.48,2021-02-17
17199,55.2,54.58,2021-02-18
17225,54.9,54.38,2021-02-19
17251,55.1,54.48,2021-02-20
17263,55.1,54.48,2021-02-21
17271,55.05,54.48,2021-02-22
17287,55.3,54.6,2021-02-23
17298,55.35,54.5,2021-02-24
17309,55.3,54.15,2021-02-25
17324,55.1,53.6,2021-02-26
17327,55.1,53.2,2021-02-27
17333,55.0,53.5,2021-03-01
17345,55.0,53.5,2021-03-02
17371,54.95,53.5,2021-03-03
17381,54.7,53.2,2021-03-04
17395,54.55,52.7,2021-03-05
17409,54.4,52.7,2021-03-06
17413,54.4,52.7,2021-03-08
17431,54.1,52.1,2021-03-09
17445,53.2,52.1,2021-03-10
17457,53.65,51.9,2021-03-11
17475,53.55,51.7,2021-03-12
17493,53.6,51.9,2021-03-13
17495,53.6,51.7,2021-03-15
17506,53.45,51.55,2021-03-16
17509,53.35,51.55,2021-03-17
17525,53.3,51.5,2021-03-18
17529,53.2,51.4,2021-03-19
17538,53.35,51.5,2021-03-20
17539,53.3,51.4,2021-03-22
17550,53.4,51.4,2021-03-23
17553,53.3,51.35,2021-03-24
17563,53.3,51.35,2021-03-25
17577,53.15,51.15,2021-03-26
17588,53.2,51.1,2021-03-27
17591,53.1,50.9,2021-03-29
17601,52.7,51.2,2021-03-30
17619,52.55,50.5,2021-03-31
17631,52.7,51.2,2021-04-01
17643,53.15,51.9,2021-04-02
17660,53.15,51.95,2021-04-03
17661,53.15,51.95,2021-04-05
17671,52.95,51.9,2021-04-06
17681,53.05,52.0,2021-04-07
17683,52.9,52.0,2021-04-08
17693,53.25,52.4,2021-04-09
17704,53.05,52.35,2021-04-10
17705,53.05,52.25,2021-04-12
17721,53.0,52.3,2021-04-13
17735,53.2,52.0,2021-04-14
17741,53.1,51.95,2021-04-15
17755,53.2,52.2,2021-04-16
17770,53.4,52.85,2021-04-17
17773,53.65,52.95,2021-04-19
17787,53.6,52.85,2021-04-20
17791,53.6,52.95,2021-04-21
17797,53.9,53.2,2021-04-22
17811,53.65,52.9,2021-04-23
17821,53.45,52.6,2021-04-24
17823,53.4,52.5,2021-04-26
17835,53.45,52.35,2021-04-27
17845,53.42,52.2,2021-04-28
17859,53.6,52.3,2021-04-29
17873,53.7,52.15,2021-05-04
17887,53.15,51.75,2021-05-05
17898,53.15,51.75,2021-05-06
17911,53.3,52.1,2021-05-07
17921,53.37,52.2,2021-05-08
17930,53.6,52.3,2021-05-09
17931,53.6,52.35,2021-05-10
17949,53.65,52.35,2021-05-11
17971,53.6,52.25,2021-05-12
17983,53.5,51.95,2021-05-13
17995,53.15,52.0,2021-05-14
18003,53.35,52.3,2021-05-15
18005,53.6,52.5,2021-05-17
18016,53.7,52.6,2021-05-18
18019,53.7,52.6,2021-05-19
18029,53.6,52.6,2021-05-20
18042,53.7,52.7,2021-05-21
18045,53.75,52.7,2021-05-22
18056,54.05,53.0,2021-05-24
18069,54.05,53.0,2021-05-25
18075,54.2,53.2,2021-05-26
18087,54.0,53.0,2021-05-27
18099,54.35,53.2,2021-05-28
18111,54.5,53.4,2021-05-29
18113,55.05,53.6,2021-05-31
18135,55.25,53.55,2021-06-01
18151,55.1,53.5,2021-06-02
18169,55.3,53.6,2021-06-03
18185,54.5,52.9,2021-06-04
18199,54.65,53.25,2021-06-05
18205,54.65,53.2,2021-06-07
18215,54.55,53.0,2021-06-08
18231,54.55,53.05,2021-06-09
18243,54.3,52.85,2021-06-10
18259,54.7,53.2,2021-06-11
18261,54.6,52.8,2021-06-12
18267,54.1,52.8,2021-06-14
18281,54.1,52.8,2021-06-15
18283,54.0,52.6,2021-06-16
18289,53.3,52.0,2021-06-17
18305,53.1,51.65,2021-06-18
18317,53.1,51.55,2021-06-19
18324,53.2,51.8,2021-06-21
18337,53.5,51.95,2021-06-22
18345,53.3,51.75,2021-06-23
18357,53.4,51.7,2021-06-24
18370,53.1,51.7,2021-06-25
18373,53.1,51.7,2021-06-26
18380,52.9,51.5,2021-06-28
18383,52.7,51.3,2021-06-29
18397,52.5,51.1,2021-06-30
18407,52.6,51.2,2021-07-01
18409,52.65,51.25,2021-07-02
18421,52.7,51.3,2021-07-03
18423,52.7,51.3,2021-07-05
18431,52.75,51.35,2021-07-06
18443,52.9,51.5,2021-07-07
18449,52.9,51.5,2021-07-08
18463,52.75,51.35,2021-07-09
18468,52.75,51.35,2021-07-10
18469,52.8,51.4,2021-07-12
18483,52.95,51.55,2021-07-13
18485,52.95,51.55,2021-07-14
18494,53.2,51.8,2021-07-15
18498,53.1,51.7,2021-07-16
18501,53.0,51.6,2021-07-17
18510,53.0,51.6,2021-07-19
18513,53.1,51.7,2021-07-20
18521,52.8,51.4,2021-07-21
18525,52.7,51.3,2021-07-22
18527,52.8,51.4,2021-07-23
18532,52.65,51.25,2021-07-24
18535,52.6,51.2,2021-07-26
18539,52.6,51.2,2021-07-27
18541,52.65,51.25,2021-07-28
18545,52.8,51.4,2021-07-29
18548,52.9,51.5,2021-07-30
18551,52.7,51.3,2021-07-31
18553,52.7,51.3,2021-08-02
18558,52.7,51.3,2021-08-03
18565,52.75,51.35,2021-08-04
18568,52.75,51.35,2021-08-05
18570,52.65,51.25,2021-08-06
18573,52.2,50.8,2021-08-07
18575,51.95,50.55,2021-08-09
18583,51.95,50.55,2021-08-10
18587,51.95,50.55,2021-08-11
18589,52.25,50.85,2021-08-12
18594,52.2,50.8,2021-08-13
18596,52.5,51.1,2021-08-14
18599,52.45,51.05,2021-08-16
18601,52.55,51.15,2021-08-17
18604,52.55,51.15,2021-08-18
18605,52.55,51.15,2021-08-19
18613,53.55,51.0,2021-08-20
18616,53.55,51.0,2021-08-21
18618,53.05,50.5,2021-08-23
18622,53.05,50.6,2021-08-24
18623,53.05,50.6,2021-08-25
18625,53.05,50.5,2021-08-26
18628,53.05,50.5,2021-08-27
18630,53.05,50.9,2021-08-28
18633,53.05,51.0,2021-08-30
18636,53.05,51.0,2021-08-31
18637,53.05,51.0,2021-09-01
18640,53.1,51.1,2021-09-06
18642,53.1,51.1,2021-09-07
18645,52.8,50.7,2021-09-08
18647,52.7,50.6,2021-09-09
18650,52.7,50.6,2021-09-10
18652,52.7,50.6,2021-09-11
18654,52.7,50.6,2021-09-13
18656,52.7,50.6,2021-09-14
18659,52.7,50.8,2021-09-15
18661,52.7,50.7,2021-09-16
18665,52.2,50.3,2021-09-17
18668,52.2,50.3,2021-09-18
18670,52.1,50.1,2021-09-20
18671,52.2,50.3,2021-09-21
18674,51.6,50.5,2021-09-22
18677,51.6,50.4,2021-09-23
18680,51.6,50.5,2021-09-24
18682,51.6,50.5,2021-09-25
18683,51.6,50.6,2021-09-27
18688,51.4,50.4,2021-09-28
18690,51.3,50.2,2021-09-29
18691,51.3,50.0,2021-09-30
18693,51.4,50.3,2021-10-01
18696,51.4,50.2,2021-10-02
18698,51.4,50.2,2021-10-04
18700,51.5,50.4,2021-10-05
18703,51.5,50.2,2021-10-06
18705,51.5,50.3,2021-10-07
18713,51.5,50.5,2021-10-08
18715,51.6,50.6,2021-10-09
18718,51.6,50.7,2021-10-11
18724,51.7,50.75,2021-10-12
18730,51.7,50.75,2021-10-13
18734,52.1,51.15,2021-10-14
18737,52.1,51.1,2021-10-15
18746,52.0,50.8,2021-10-16
18748,51.95,50.85,2021-10-18
18749,51.95,50.85,2021-10-19
18759,52.0,50.9,2021-10-20
18769,52.1,51.0,2021-10-21
18783,52.2,51.1,2021-10-22
18793,52.25,51.15,2021-10-23
18802,52.55,51.45,2021-10-25
18805,52.7,51.6,2021-10-26
18816,52.6,51.5,2021-10-27
18819,52.7,51.6,2021-10-28
18829,52.65,51.65,2021-10-29
18840,52.5,51.5,2021-10-30
18844,52.5,51.5,2021-11-01
18847,52.55,51.55,2021-11-02
18855,52.4,51.4,2021-11-03
18861,52.0,51.2,2021-11-04
18863,52.2,51.4,2021-11-05
18874,52.5,51.7,2021-11-06
18877,52.4,51.6,2021-11-08
18879,52.6,51.8,2021-11-09
18887,52.6,51.8,2021-11-10
18889,53.0,52.2,2021-11-11
18905,53.2,52.4,2021-11-12
18922,53.6,52.8,2021-11-13
18925,53.65,52.85,2021-11-15
18933,53.75,52.95,2021-11-16
18959,53.8,53.0,2021-11-17
18979,54.0,53.2,2021-11-18
18989,53.7,52.9,2021-11-19
19015,53.6,52.8,2021-11-20
19027,53.5,52.7,2021-11-22
19035,52.7,51.9,2021-11-23
19045,52.4,51.6,2021-11-24
19059,52.25,51.45,2021-11-25
19061,52.25,51.45,2021-11-26
19077,52.35,51.55,2021-11-27
19079,52.4,51.6,2021-11-29
19089,52.3,51.5,2021-11-30
19093,52.1,51.3,2021-12-01
19101,52.1,51.3,2021-12-02
19117,51.95,51.15,2021-12-03
19129,52.2,51.4,2021-12-04
19131,52.25,51.45,2021-12-06
19139,52.3,51.5,2021-12-07
19147,52.35,51.55,2021-12-08
19157,52.4,51.6,2021-12-09
19167,52.3,51.5,2021-12-10
19177,52.35,51.55,2021-12-11
19179,52.35,51.55,2021-12-13
19187,52.5,51.7,2021-12-14
19203,52.35,51.55,2021-12-15
19215,52.4,51.6,2021-12-16
19223,52.85,52.05,2021-12-17
19227,52.7,51.9,2021-12-18
19229,52.8,52.0,2021-12-20
19235,52.8,52.0,2021-12-21
19238,52.75,51.95,2021-12-22
19239,52.9,52.1,2021-12-23
19253,52.9,52.1,2021-12-24
19257,52.9,52.1,2021-12-25
19259,52.9,52.1,2021-12-27
19266,52.9,52.1,2021-12-28
19270,52.7,51.9,2021-12-29
19273,52.7,51.9,2021-12-30
19282,53.0,52.2,2021-12-31
19285,53.3,52.5,2022-01-03
19291,52.9,52.1,2022-01-04
19304,53.05,52.25,2022-01-05
19307,52.95,52.15,2022-01-06
19313,52.7,51.9,2022-01-07
19323,52.8,52.0,2022-01-08
19325,52.8,52.0,2022-01-10
19335,52.95,52.15,2022-01-11
19347,53.1,52.5,2022-01-12
19357,53.25,52.45,2022-01-13
19359,53.25,52.45,2022-01-14
19364,53.25,52.55,2022-01-15
19365,53.2,52.5,2022-01-17
19375,53.25,52.55,2022-01-18
19379,53.2,52.5,2022-01-19
19391,53.6,52.9,2022-01-20
19395,53.5,52.8,2022-01-21
19404,53.55,52.85,2022-01-22
19405,53.8,53.0,2022-01-24
19415,54.1,53.3,2022-01-25
19433,54.7,53.9,2022-01-26
19447,53.7,52.9,2022-01-27
19457,53.4,52.6,2022-01-28
19464,53.6,52.8,2022-01-29
19466,53.6,52.8,2022-02-04
19467,54.5,53.7,2022-02-07
19475,54.5,53.7,2022-02-08
19497,54.35,53.55,2022-02-09
19507,54.3,53.3,2022-02-10
19511,53.6,52.85,2022-02-11
19522,54.0,53.2,2022-02-12
19523,54.2,53.4,2022-02-14
19533,54.4,53.6,2022-02-15
19549,54.2,53.4,2022-02-16
19557,54.4,53.6,2022-02-17
19573,54.7,53.9,2022-02-18
19586,54.55,53.75,2022-02-19
19587,54.65,53.85,2022-02-21
19603,55.0,54.2,2022-02-22
19619,54.8,54.0,2022-02-23
19627,55.7,54.9,2022-02-24
19667,55.5,54.7,2022-02-25
19707,55.35,54.6,2022-02-26
19711,55.25,54.45,2022-02-28
19727,55.25,54.45,2022-03-01
19739,55.7,54.9,2022-03-02
19759,55.5,54.7,2022-03-03
19765,55.8,54.9,2022-03-04
19774,56.2,55.3,2022-03-05
19776,56.2,55.3,2022-03-06
19777,56.75,55.85,2022-03-07
19805,56.75,55.85,2022-03-08
19837,57.8,57.0,2022-03-09
19873,56.85,56.05,2022-03-10
19893,56.7,55.9,2022-03-11
19916,56.9,55.8,2022-03-12
19917,56.6,55.5,2022-03-14
19933,56.3,55.2,2022-03-15
19949,56.0,54.9,2022-03-16
19967,56.1,55.0,2022-03-17
19987,56.25,55.15,2022-03-18
19997,56.0,54.9,2022-03-19
19999,56.1,55.0,2022-03-21
20007,56.1,55.0,2022-03-22
20023,56.0,54.9,2022-03-23
20045,56.3,55.2,2022-03-24
20057,56.45,55.35,2022-03-25
20066,56.4,55.3,2022-03-26
20067,56.3,55.2,2022-03-28
20095,56.2,55.1,2022-03-29
20113,56.1,55.0,2022-03-30
20129,55.9,54.8,2022-03-31
20141,55.9,54.8,2022-04-01
20160,55.8,54.7,2022-04-02
20161,55.8,54.7,2022-04-04
20173,55.75,54.65,2022-04-05
20187,55.6,54.5,2022-04-06
20205,55.6,54.5,2022-04-07
20217,55.8,54.7,2022-04-08
20219,56.1,55.0,2022-04-09
20223,56.5,55.4,2022-04-12
20233,56.8,55.7,2022-04-13
20243,57.0,55.9,2022-04-14
20263,57.0,55.9,2022-04-15
20268,57.0,55.9,2022-04-16
20269,57.3,56.3,2022-04-18
20285,57.4,56.3,2022-04-19
20303,56.8,55.7,2022-04-20
20313,56.9,55.8,2022-04-21
20329,56.8,55.7,2022-04-22
20341,56.6,55.5,2022-04-23
20343,56.35,55.25,2022-04-25
20361,56.1,55.0,2022-04-26
20371,55.9,54.8,2022-04-27
20379,55.65,54.55,2022-04-28
20395,55.7,54.6,2022-04-29
20411,56.1,55.0,2022-05-03
20415,55.6,54.5,2022-05-04
20427,56.2,55.1,2022-05-05
20443,55.6,54.5,2022-05-06
20455,55.65,54.55,2022-05-07
20461,55.75,54.7,2022-05-09
20463,55.7,54.6,2022-05-10
20473,55.5,54.4,2022-05-11
20485,55.8,54.7,2022-05-12
20493,55.4,54.3,2022-05-13
20503,55.4,54.3,2022-05-14
20505,55.4,54.3,2022-05-16
20517,55.0,53.9,2022-05-17
20521,54.8,53.7,2022-05-18
20524,54.8,53.7,2022-05-19
20527,55.15,54.1,2022-05-20
20530,55.25,54.2,2022-05-21
20531,55.5,54.4,2022-05-23
20538,55.4,54.3,2022-05-24
20539,55.4,54.3,2022-05-25
20557,55.2,54.1,2022-05-26
20559,55.2,54.1,2022-05-27
20566,55.2,54.1,2022-05-28
20567,55.1,54.0,2022-05-30
20579,55.1,54.0,2022-05-31
20581,54.9,53.8,2022-06-01
20589,55.0,53.9,2022-06-02
20591,55.3,54.2,2022-06-03
20596,55.0,53.9,2022-06-04
20598,55.0,53.9,2022-06-06
20601,54.8,53.7,2022-06-07
20603,54.8,53.7,2022-06-08
20610,54.9,53.8,2022-06-09
20611,54.8,53.7,2022-06-10
20616,55.2,54.1,2022-06-11
20617,55.2,54.1,2022-06-13
20631,54.8,53.7,2022-06-14
20633,54.6,53.5,2022-06-15
20639,54.8,53.7,2022-06-16
20644,55.0,53.9,2022-06-17
20646,55.0,53.9,2022-06-18
20647,54.9,53.8,2022-06-20
20657,54.9,53.8,2022-06-21
20665,54.7,53.6,2022-06-22
20669,54.8,53.7,2022-06-23
20671,54.7,53.6,2022-06-24
20676,54.7,53.6,2022-06-25
20679,54.8,53.7,2022-06-27
20681,54.7,53.6,2022-06-28
20690,54.5,53.4,2022-06-29
20693,54.5,53.4,2022-06-30
20701,54.0,52.9,2022-07-01
20706,54.0,52.9,2022-07-04
20707,54.0,52.9,2022-07-05
20711,53.6,52.6,2022-07-06
20726,52.9,51.8,2022-07-07
20729,52.8,51.7,2022-07-08
20736,52.8,51.7,2022-07-09
20737,52.85,51.75,2022-07-11
20749,52.8,51.7,2022-07-12
20760,53.0,51.9,2022-07-13
20763,53.2,52.1,2022-07-14
20773,53.1,52.0,2022-07-15
20782,53.1,52.0,2022-07-16
20783,53.15,52.05,2022-07-18
20817,52.9,51.8,2022-07-19
20837,52.8,51.7,2022-07-20
20847,52.4,51.3,2022-07-21
20861,52.65,51.55,2022-07-22
20876,52.8,51.7,2022-07-23
20877,52.8,51.7,2022-07-25
20888,52.85,51.75,2022-07-26
20889,52.8,51.7,2022-07-27
20895,53.0,51.9,2022-07-28
20897,53.0,51.9,2022-07-29
20908,53.3,52.2,2022-07-30
20909,53.4,52.3,2022-08-01
20923,53.6,52.5,2022-08-02
20931,53.5,52.4,2022-08-03
20943,53.5,52.4,2022-08-04
20953,53.8,52.7,2022-08-05
20964,53.7,52.6,2022-08-06
20965,53.7,52.6,2022-08-08
20973,53.4,52.3,2022-08-09
20985,53.3,52.2,2022-08-10
20999,53.55,52.45,2022-08-11
21003,53.55,52.45,2022-08-12
21011,53.8,52.7,2022-08-13
21013,53.5,52.4,2022-08-15
21025,53.4,52.3,2022-08-16
21027,53.4,52.3,2022-08-17
21036,53.1,52.0,2022-08-18
21039,52.6,51.6,2022-08-19
21046,52.6,51.5,2022-08-20
21047,52.65,51.55,2022-08-22
21056,52.6,51.5,2022-08-23
21059,52.7,51.6,2022-08-24
21061,52.8,51.7,2022-08-25
21075,52.75,51.65,2022-08-26
21079,52.5,51.4,2022-08-27
21086,52.3,51.2,2022-08-29
21091,52.5,51.4,2022-08-30
21101,52.1,51.1,2022-08-31
21106,52.0,50.9,2022-09-01
21110,52.05,51.05,2022-09-05
21113,52.1,51.1,2022-09-06
21122,51.8,50.8,2022-09-07
21127,52.1,51.1,2022-09-08
21129,52.0,51.0,2022-09-09
21138,52.0,51.0,2022-09-10
21139,52.1,51.1,2022-09-12
21149,52.1,51.1,2022-09-13
21151,51.7,50.7,2022-09-14
21162,51.5,50.5,2022-09-15
21165,51.1,50.1,2022-09-16
21172,51.35,50.35,2022-09-17
21175,51.25,50.25,2022-09-19
21177,51.4,50.4,2022-09-20
21188,51.4,50.4,2022-09-21
21191,51.3,50.3,2022-09-22
21199,51.5,50.5,2022-09-23
21202,51.4,50.4,2022-09-24
21203,51.3,50.3,2022-09-26
21209,51.2,50.2,2022-09-27
21225,51.0,50.0,2022-09-28
21243,51.25,50.25,2022-09-29
21255,52.3,51.3,2022-09-30
21265,52.65,51.65,2022-10-01
21269,52.9,51.9,2022-10-03
21281,53.4,52.3,2022-10-04
21291,53.6,52.5,2022-10-05
21307,53.4,52.3,2022-10-06
21321,53.3,52.2,2022-10-07
21324,53.2,52.1,2022-10-08
21325,53.1,51.9,2022-10-10
21337,52.8,51.7,2022-10-11
21353,52.8,51.7,2022-10-12
21355,52.9,51.8,2022-10-13
21364,53.0,51.9,2022-10-14
21368,52.8,51.7,2022-10-15
21369,52.8,51.7,2022-10-17
21377,52.9,51.8,2022-10-18
21389,53.1,52.0,2022-10-19
21399,53.0,51.9,2022-10-20
21411,53.0,51.9,2022-10-21
21414,53.6,52.5,2022-10-22
21415,53.6,52.5,2022-10-24
21430,53.4,52.3,2022-10-25
21433,53.4,52.3,2022-10-26
21443,53.4,52.3,2022-10-27
21454,53.2,52.1,2022-10-28
21458,53.2,52.1,2022-10-29
21459,53.1,52.0,2022-10-31
21469,53.0,51.9,2022-11-01
21478,53.0,51.9,2022-11-02
21481,52.9,51.8,2022-11-03
21491,52.9,51.8,2022-11-04
21501,53.3,52.2,2022-11-05
21503,53.2,52.1,2022-11-07
21511,53.3,52.2,2022-11-08
21521,53.5,52.4,2022-11-09
21524,53.5,52.4,2022-11-10
21525,53.6,52.5,2022-11-11
21536,54.8,53.7,2022-11-12
21537,54.9,53.8,2022-11-14
21546,55.0,53.9,2022-11-15
21559,54.9,53.8,2022-11-16
21563,54.7,53.6,2022-11-17
21565,54.7,53.6,2022-11-18
21570,54.4,53.3,2022-11-19
21575,54.2,53.1,2022-11-21
21579,54.1,53.0,2022-11-22
21587,54.0,52.9,2022-11-23
21601,54.2,53.1,2022-11-24
21605,54.2,53.1,2022-11-25
21612,54.2,53.1,2022-11-26
21613,54.2,53.1,2022-11-28
21624,54.3,53.2,2022-11-29
21627,54.2,53.1,2022-11-30
21636,54.5,53.4,2022-12-01
21639,54.8,53.7,2022-12-02
21650,54.6,53.5,2022-12-03
21651,54.5,53.4,2022-12-05
21665,54.2,53.1,2022-12-06
21675,54.0,52.9,2022-12-07
21680,54.2,53.1,2022-12-08
21683,54.3,53.2,2022-12-09
21690,54.4,53.3,2022-12-10
21694,54.4,53.3,2022-12-12
21697,54.3,53.2,2022-12-13
21708,54.5,53.4,2022-12-14
21711,54.2,53.1,2022-12-15
21723,54.0,52.9,2022-12-16
21732,54.1,53.0,2022-12-17
21733,54.1,53.0,2022-12-19
21742,54.2,53.1,2022-12-20
21745,54.4,53.3,2022-12-21
21752,54.4,53.3,2022-12-22
21753,54.1,53.0,2022-12-23
21764,54.1,53.0,2022-12-24
21767,54.1,53.0,2022-12-26
21769,54.1,53.0,2022-12-27
21778,54.0,52.9,2022-12-28
21782,53.9,52.8,2022-12-29
21784,54.0,52.9,2022-12-30
21786,54.0,52.9,2022-12-31
21787,54.2,53.1,2023-01-03
21803,54.4,53.3,2023-01-04
21809,54.6,53.5,2023-01-05
21818,54.4,53.3,2023-01-06
21820,54.7,53.6,2023-01-07
21821,54.8,53.7,2023-01-09
21827,54.7,53.6,2023-01-10
21843,54.7,53.6,2023-01-11
21846,54.7,53.6,2023-01-12
21847,54.9,53.8,2023-01-13
21854,55.3,54.2,2023-01-14
21855,55.4,54.3,2023-01-16
21867,55.4,54.3,2023-01-17
21877,55.8,54.7,2023-01-18
21880,55.8,54.7,2023-01-19
21883,56.4,55.3,2023-01-27
21887,56.8,55.5,2023-01-28
21889,55.95,54.65,2023-01-30
21907,55.8,54.5,2023-01-31
21912,55.8,54.5,2023-02-01
21913,55.9,54.6,2023-02-02
21925,55.5,54.3,2023-02-03
21927,54.7,53.7,2023-02-04
21931,54.8,53.8,2023-02-06
21944,55.0,54.0,2023-02-07
21947,55.0,54.0,2023-02-08
21958,55.1,54.1,2023-02-09
21961,54.9,53.9,2023-02-10
21969,55.0,54.0,2023-02-11
21971,54.9,53.9,2023-02-13
21983,54.9,53.9,2023-02-14
21987,54.8,53.8,2023-02-15
21995,54.5,53.5,2023-02-16
21999,54.5,53.5,2023-02-17
22004,54.6,53.6,2023-02-18
22006,54.6,53.6,2023-02-20
22009,54.7,53.7,2023-02-21
22011,54.55,53.55,2023-02-22
22018,54.45,53.48,2023-02-23
22021,54.4,53.4,2023-02-24
22025,54.25,53.25,2023-02-25
22030,54.2,53.2,2023-02-27
22033,54.25,53.25,2023-02-28
22039,54.3,53.15,2023-03-01
22045,54.25,53.25,2023-03-02
22048,54.3,53.3,2023-03-03
22054,54.7,53.7,2023-03-04
22055,54.7,53.7,2023-03-06
22063,54.45,53.48,2023-03-07
22065,54.2,53.2,2023-03-08
22069,54.1,53.1,2023-03-09
22079,54.4,53.4,2023-03-10
22081,54.9,53.9,2023-03-11
22087,55.1,54.1,2023-03-13
22099,55.5,54.5,2023-03-14
22103,55.5,54.5,2023-03-15
22113,55.2,54.2,2023-03-16
22122,55.2,54.2,2023-03-17
22125,56.4,55.4,2023-03-18
22133,55.9,54.75,2023-03-20
22137,55.9,54.75,2023-03-21
22144,55.6,54.5,2023-03-22
22147,55.9,54.75,2023-03-23
22158,56.2,55.0,2023-03-24
22161,56.2,55.0,2023-03-25
22168,55.95,54.85,2023-03-27
22173,55.95,54.85,2023-03-28
22175,55.95,54.85,2023-03-29
22183,55.95,54.85,2023-03-30
22185,56.2,55.0,2023-03-31
22191,56.2,55.0,2023-04-01
22195,55.95,54.85,2023-04-03
22197,56.2,55.0,2023-04-04
22203,56.8,55.6,2023-04-05
22205,56.8,55.6,2023-04-06
22211,56.8,55.6,2023-04-07
22214,56.8,55.6,2023-04-08
22215,56.6,55.4,2023-04-10
22219,56.6,55.4,2023-04-11
22236,56.8,55.6,2023-04-12
22238,56.9,55.7,2023-04-13
22247,57.4,56.2,2023-04-14
22251,56.95,55.8,2023-04-15
22252,56.8,55.6,2023-04-17
22258,56.9,55.8,2023-04-18
22262,56.9,55.8,2023-04-19
22269,56.9,55.8,2023-04-20
22271,56.9,55.8,2023-04-21
22273,56.9,55.8,2023-04-22
22274,56.9,55.8,2023-04-24
22276,57.1,55.9,2023-04-25
22280,57.1,55.9,2023-04-26
22284,57.1,55.9,2023-04-27
22287,57.1,55.9,2023-04-28
22289,57.1,55.9,2023-05-03
22294,57.5,56.3,2023-05-04
22298,57.6,56.3,2023-05-05
22302,57.6,56.3,2023-05-06
22307,57.5,56.3,2023-05-08
22310,57.6,56.3,2023-05-09
22316,57.75,56.55,2023-05-10
22320,57.75,56.55,2023-05-11
22322,57.6,56.5,2023-05-12
22325,57.6,56.5,2023-05-13
22328,57.7,56.6,2023-05-15
22332,57.7,56.6,2023-05-16
22335,57.4,56.2,2023-05-17
22337,57.4,56.2,2023-05-18
22340,57.1,55.9,2023-05-19
22343,57.3,56.0,2023-05-20
22344,57.05,55.9,2023-05-22
22352,57.1,55.95,2023-05-23
22358,56.95,55.85,2023-05-24
22361,56.75,55.7,2023-05-25
22362,56.6,55.5,2023-05-26
22369,56.65,55.6,2023-05-27
22371,56.65,55.6,2023-05-29
22372,56.6,55.5,2023-05-30
22378,56.7,55.6,2023-05-31
22381,56.7,55.6,2023-06-01
22383,56.9,55.7,2023-06-02
22384,56.65,55.6,2023-06-03
22387,56.6,55.5,2023-06-05
22389,56.7,55.6,2023-06-06
22392,56.7,55.6,2023-06-07
22394,56.6,55.5,2023-06-08
22398,56.7,55.6,2023-06-09
22403,56.7,55.6,2023-06-10
22404,56.7,55.6,2023-06-12
22409,56.7,55.6,2023-06-13
22412,56.65,55.5,2023-06-14
22414,56.6,55.5,2023-06-15
22418,56.7,55.6,2023-06-16
22421,56.7,55.6,2023-06-17
22423,56.8,55.7,2023-06-19
22425,56.7,55.6,2023-06-20
22428,56.6,55.5,2023-06-21
22430,56.6,55.5,2023-06-22
22433,56.5,55.4,2023-06-23
22435,56.5,55.4,2023-06-24
22437,56.6,55.45,2023-06-26
22440,56.6,55.45,2023-06-27
22442,56.45,55.3,2023-06-28
22445,56.4,55.25,2023-06-29
22446,56.3,55.2,2023-06-30
22448,56.4,55.25,2023-07-01
22451,56.2,55.15,2023-07-03
22455,56.2,55.15,2023-07-04
22457,56.15,55.1,2023-07-06
22458,56.15,55.1,2023-07-07
22460,56.4,55.25,2023-07-08
22463,56.4,55.25,2023-07-10
22466,56.4,55.35,2023-07-11
22468,56.6,55.6,2023-07-12
22474,57.1,56.0,2023-07-13
22477,57.1,56.0,2023-07-14
22479,57.1,56.0,2023-07-15
22480,56.9,55.9,2023-07-17
22487,56.9,55.9,2023-07-18
22490,57.1,56.0,2023-07-19
22493,57.2,56.1,2023-07-20
22495,57.2,56.1,2023-07-21
22497,57.1,56.0,2023-07-22
22499,57.1,56.0,2023-07-24
22502,57.1,56.0,2023-07-25
22504,57.15,56.1,2023-07-26
22512,57.3,56.3,2023-07-27
22514,57.1,56.0,2023-07-28
22518,57.2,56.2,2023-07-29
22521,57.2,56.2,2023-07-31
22523,57.2,56.2,2023-08-01
22525,57.1,56.0,2023-08-02
22526,56.9,55.9,2023-08-03
22529,57.1,56.0,2023-08-04
22533,57.1,56.1,2023-08-05
22536,57.1,56.1,2023-08-07
22539,57.1,56.1,2023-08-08
22540,57.0,56.0,2023-08-09
22545,57.0,56.0,2023-08-10
22549,57.0,56.0,2023-08-11
22551,57.0,56.0,2023-08-12
22552,56.9,55.9,2023-08-14
22558,56.8,55.8,2023-08-15
22561,56.9,55.9,2023-08-16
22562,56.8,55.8,2023-08-17
22569,56.9,55.9,2023-08-18
22573,56.9,55.9,2023-08-19
22574,56.9,55.9,2023-08-21
22577,56.9,55.9,2023-08-22
22581,56.9,55.9,2023-08-23
22584,57.1,56.1,2023-08-24
22588,57.1,56.1,2023-08-25
22593,57.1,56.1,2023-08-26
22596,57.1,56.1,2023-08-28
22598,57.1,56.1,2023-08-29
22601,57.3,56.2,2023-08-30
22603,57.5,56.3,2023-08-31
22605,57.5,56.3,2023-09-04
22606,57.5,56.3,2023-09-05
22616,57.4,56.3,2023-09-06
22618,57.2,56.15,2023-09-07
22626,57.35,56.35,2023-09-08
22631,57.35,56.35,2023-09-09
22632,57.35,56.35,2023-09-11
22637,57.4,56.4,2023-09-12
22640,57.4,56.3,2023-09-13
22642,57.4,56.3,2023-09-14
22649,57.5,56.5,2023-09-15
22653,57.6,56.6,2023-09-16
22654,57.6,56.6,2023-09-18
22662,58.1,57.1,2023-09-19
22665,58.1,57.1,2023-09-20
22666,58.1,57.1,2023-09-21
22668,58.1,57.1,2023-09-22
22671,58.1,57.1,2023-09-23
22674,58.1,57.1,2023-09-25
22676,57.95,56.95,2023-09-26
22683,57.8,56.8,2023-09-27
22686,57.5,56.5,2023-09-28
22689,57.3,56.3,2023-09-29
22691,57.0,56.0,2023-09-30
22694,56.9,55.8,2023-10-02
22698,56.5,55.5,2023-10-03
22700,56.3,55.3,2023-10-04
22708,56.4,55.4,2023-10-05
22712,56.4,55.4,2023-10-06
22717,56.6,55.6,2023-10-07
22721,57.0,56.0,2023-10-09
22725,57.3,56.3,2023-10-10
22726,57.4,56.4,2023-10-11
22731,57.5,56.5,2023-10-12
22738,57.6,56.6,2023-10-13
22748,58.2,57.2,2023-10-14
22750,58.1,57.1,2023-10-16
22760,58.0,57.0,2023-10-17
22772,58.2,57.2,2023-10-18
22776,58.4,57.4,2023-10-19
22780,58.95,57.95,2023-10-20
22793,59.3,58.1,2023-10-21
22794,58.95,57.95,2023-10-23
22800,59.05,58.05,2023-10-24
22810,59.0,57.9,2023-10-25
22818,59.1,58.1,2023-10-26
22828,59.4,58.3,2023-10-27
22835,59.95,58.7,2023-10-28
22836,59.8,58.7,2023-10-30
22852,59.8,58.7,2023-10-31
22854,59.5,58.4,2023-11-01
22862,59.5,58.5,2023-11-02
22864,59.8,58.7,2023-11-03
22872,59.95,58.9,2023-11-04
22875,59.95,58.9,2023-11-05
22876,59.95,58.95,2023-11-06
22890,59.95,58.95,2023-11-07
22899,59.95,58.95,2023-11-08
22902,59.5,58.5,2023-11-09
22908,59.6,58.6,2023-11-10
22911,59.5,58.4,2023-11-11
22913,59.6,58.5,2023-11-13
22914,59.7,58.6,2023-11-14
22918,59.9,58.7,2023-11-15
22925,59.9,58.8,2023-11-16
22930,60.1,58.95,2023-11-17
22940,60.2,59.05,2023-11-18
22944,60.2,59.1,2023-11-20
22946,60.3,59.2,2023-11-21
22956,60.55,59.45,2023-11-22
22970,60.7,59.6,2023-11-23
22982,60.95,59.75,2023-11-24
22992,61.4,60.2,2023-11-25
22994,61.6,60.4,2023-11-27
23006,61.7,60.5,2023-11-28
23018,62.2,61.1,2023-11-29
23028,62.5,61.3,2023-11-30
23035,62.5,61.3,2023-12-01
23037,62.8,61.6,2023-12-02
23038,63.1,61.9,2023-12-04
23051,62.3,61.2,2023-12-05
23054,62.1,61.0,2023-12-06
23062,62.1,61.0,2023-12-07
23065,62.1,61.0,2023-12-08
23068,61.8,60.7,2023-12-09
23070,61.65,60.55,2023-12-11
23078,61.2,60.0,2023-12-12
23080,61.1,59.9,2023-12-13
23086,61.6,60.5,2023-12-14
23101,62.05,60.95,2023-12-15
23106,61.9,60.8,2023-12-16
23111,61.95,60.85,2023-12-18
23114,62.05,60.95,2023-12-19
23124,62.4,61.3,2023-12-20
23132,62.5,61.4,2023-12-21
23148,62.85,61.75,2023-12-22
23164,62.95,61.9,2023-12-23
23166,62.95,61.9,2023-12-25
23184,63.65,62.55,2023-12-26
23214,63.85,62.75,2023-12-27
23224,64.05,62.9,2023-12-28
23244,63.45,62.35,2023-12-29
23266,63.3,62.2,2023-12-30
23274,63.1,62.1,2024-01-02
23298,63.0,61.9,2024-01-03
23306,63.0,61.9,2024-01-04
23313,63.1,62.0,2024-01-05
23315,63.1,62.0,2024-01-06
23319,62.95,61.85,2024-01-08
23324,62.95,61.9,2024-01-09
23326,62.95,61.9,2024-01-10
23334,62.95,61.9,2024-01-11
23344,63.15,62.0,2024-01-12
23358,63.5,62.4,2024-01-13
23360,63.8,62.7,2024-01-15
23371,64.15,63.05,2024-01-16
23372,63.8,62.7,2024-01-17
23382,63.4,62.2,2024-01-18
23393,63.75,62.55,2024-01-19
23398,63.85,62.6,2024-01-20
23405,64.0,62.75,2024-01-22
23410,64.0,62.75,2024-01-23
23421,64.2,62.9,2024-01-24
23424,64.05,62.75,2024-01-25
23430,64.05,62.75,2024-01-26
23433,64.05,62.75,2024-01-27
23435,64.05,62.75,2024-01-29
23436,64.05,62.75,2024-01-30
23447,64.25,62.9,2024-01-31
23450,64.25,62.9,2024-02-01
23458,64.45,63.25,2024-02-02
23460,64.4,63.2,2024-02-03
23467,64.4,63.2,2024-02-05
23470,64.4,63.2,2024-02-06
23478,64.55,63.4,2024-02-07
23482,64.55,63.4,2024-02-15
23484,64.4,63.2,2024-02-16
23492,64.6,63.35,2024-02-17
23495,64.6,63.35,2024-02-18
23496,64.6,63.35,2024-02-19
23504,64.4,63.2,2024-02-20
23516,64.5,63.3,2024-02-21
23520,64.5,63.3,2024-02-22
23530,64.6,63.35,2024-02-23
23538,64.7,63.55,2024-02-24
23540,64.7,63.55,2024-02-26
23546,65.1,63.9,2024-02-27
23561,65.1,63.9,2024-02-28
23564,65.3,64.1,2024-02-29
23574,65.6,64.4,2024-03-01
23578,66.15,64.95,2024-03-02
23586,66.7,65.5,2024-03-04
23600,67.7,66.5,2024-03-05
23604,67.85,66.6,2024-03-06
23612,67.95,66.75,2024-03-07
23623,68.65,67.35,2024-03-08
23626,69.1,67.9,2024-03-09
23635,70.05,68.8,2024-03-11
23638,70.15,68.9,2024-03-12
23646,69.6,68.4,2024-03-13
23664,68.9,67.6,2024-03-14
23674,69.0,67.8,2024-03-15
23685,68.9,67.7,2024-03-16
23686,68.7,67.5,2024-03-18
23698,68.7,67.5,2024-03-19
23706,68.6,67.4,2024-03-20
23714,69.9,68.7,2024-03-21
23728,69.3,68.1,2024-03-22
23738,69.1,67.9,2024-03-23
23740,69.1,67.9,2024-03-25
23751,69.5,68.2,2024-03-26
23754,69.5,68.2,2024-03-27
23766,69.7,68.45,2024-03-28
23779,70.5,69.3,2024-03-29
23782,70.5,69.3,2024-03-30
23788,70.8,69.6,2024-04-01
23798,70.8,69.5,2024-04-02
23806,71.55,70.3,2024-04-03
23822,72.1,70.85,2024-04-04
23830,72.1,70.85,2024-04-05
23842,72.9,71.6,2024-04-06
23848,73.15,71.8,2024-04-08
23862,74.35,72.9,2024-04-09
23882,75.5,74.2,2024-04-10
23894,76.4,74.6,2024-04-11
23904,77.25,75.45,2024-04-12
23916,76.4,74.6,2024-04-13
23924,76.25,74.3,2024-04-15
23942,76.95,75.0,2024-04-16
23953,76.8,74.8,2024-04-17
23956,76.8,74.8,2024-04-19
23963,76.8,74.8,2024-04-20
23967,76.3,74.3,2024-04-22
23970,74.2,73.5,2024-04-23
23980,74.8,73.0,2024-04-24
23989,74.8,73.0,2024-04-25
23993,75.6,73.8,2024-04-26
23999,75.6,73.8,2024-04-27
24000,75.2,73.4,2024-05-02
24004,75.0,73.2,2024-05-03
24012,74.95,73.1,2024-05-04
24014,74.95,73.1,2024-05-06
24024,75.3,73.5,2024-05-07
24031,75.1,73.3,2024-05-08
24036,75.3,73.5,2024-05-09
24040,76.1,74.3,2024-05-10
24060,76.8,74.9,2024-05-11
24062,76.8,74.9,2024-05-13
24072,76.5,74.6,2024-05-14
24074,76.7,74.8,2024-05-15
24083,77.15,75.35,2024-05-16
24086,77.0,75.1,2024-05-17
24092,77.4,75.5,2024-05-18
24094,77.6,75.7,2024-05-20
24100,77.5,75.6,2024-05-21
24109,77.6,75.7,2024-05-22
24115,76.9,75.15,2024-05-23
24118,76.4,74.6,2024-05-24
24123,76.4,74.6,2024-05-25
24128,76.5,74.8,2024-05-27
24132,76.7,75.0,2024-05-28
24139,76.7,75.0,2024-05-29
24142,76.4,74.6,2024-05-30
24156,76.4,74.6,2024-05-31
24162,76.0,74.2,2024-06-01
24170,75.2,73.4,2024-06-03
24192,75.2,73.4,2024-06-04
24197,75.1,73.3,2024-06-05
24208,75.3,73.5,2024-06-06
24216,75.3,73.5,2024-06-07
24219,74.4,72.6,2024-06-08
24221,74.4,72.6,2024-06-10
24224,74.5,72.7,2024-06-11
24226,74.5,72.7,2024-06-12
24231,74.7,72.9,2024-06-13
24233,74.6,72.8,2024-06-14
24235,75.1,73.4,2024-06-15
24237,75.0,73.3,2024-06-17
24239,75.0,73.3,2024-06-18
